csv,case_file,vehicle_id,n_rows_vehicle,time_col,id_col,interface_mode,columns_used,forbidden_guidance_internal_terms_in_used_columns,portable_dwell_reached,portable_strict_like_pass,terminal_reason_available,terminal_reason_ok,close_pass_escape_present,first_confirm_index,max_consecutive_inbox_samples,total_inbox_samples
store\data_saved\phase2_B5D_tight_local_envelope_validation\combined\b5c000_hp173p144_vm1p127_combined.csv,b5c000_hp173p144_vm1p127_combined.csv,0,5864,global_t,mis_id,terminal_error_columns,global_t;mis_id;taem_h_err;taem_v_err;taem_s_go_err,,True,True,True,True,False,5858,5,5
store\data_saved\phase2_B5D_tight_local_envelope_validation\combined\b5c000_hp173p144_vm1p127_combined.csv,b5c000_hp173p144_vm1p127_combined.csv,1,5828,global_t,mis_id,terminal_error_columns,global_t;mis_id;taem_h_err;taem_v_err;taem_s_go_err,,True,True,True,True,False,5822,5,5
store\data_saved\phase2_B5D_tight_local_envelope_validation\combined\b5c000_hp173p144_vm1p127_combined.csv,b5c000_hp173p144_vm1p127_combined.csv,2,5815,global_t,mis_id,terminal_error_columns,global_t;mis_id;taem_h_err;taem_v_err;taem_s_go_err,,True,True,True,True,False,5809,4,4
store\data_saved\phase2_B5D_tight_local_envelope_validation\combined\b5c001_hp407p878_vp3p750_combined.csv,b5c001_hp407p878_vp3p750_combined.csv,0,5855,global_t,mis_id,terminal_error_columns,global_t;mis_id;taem_h_err;taem_v_err;taem_s_go_err,,True,True,True,True,False,5849,5,5
store\data_saved\phase2_B5D_tight_local_envelope_validation\combined\b5c001_hp407p878_vp3p750_combined.csv,b5c001_hp407p878_vp3p750_combined.csv,1,5840,global_t,mis_id,terminal_error_columns,global_t;mis_id;taem_h_err;taem_v_err;taem_s_go_err,,True,True,True,True,False,5833,5,5
store\data_saved\phase2_B5D_tight_local_envelope_validation\combined\b5c001_hp407p878_vp3p750_combined.csv,b5c001_hp407p878_vp3p750_combined.csv,2,5813,global_t,mis_id,terminal_error_columns,global_t;mis_id;taem_h_err;taem_v_err;taem_s_go_err,,True,True,True,True,False,5806,5,5
store\data_saved\phase2_B5D_tight_local_envelope_validation\combined\b5c002_hp150p213_vm1p197_combined.csv,b5c002_hp150p213_vm1p197_combined.csv,0,5857,global_t,mis_id,terminal_error_columns,global_t;mis_id;taem_h_err;taem_v_err;taem_s_go_err,,True,True,True,True,False,5851,5,5
store\data_saved\phase2_B5D_tight_local_envelope_validation\combined\b5c002_hp150p213_vm1p197_combined.csv,b5c002_hp150p213_vm1p197_combined.csv,1,5833,global_t,mis_id,terminal_error_columns,global_t;mis_id;taem_h_err;taem_v_err;taem_s_go_err,,True,True,True,True,False,5827,5,5
store\data_saved\phase2_B5D_tight_local_envelope_validation\combined\b5c002_hp150p213_vm1p197_combined.csv,b5c002_hp150p213_vm1p197_combined.csv,2,5810,global_t,mis_id,terminal_error_columns,global_t;mis_id;taem_h_err;taem_v_err;taem_s_go_err,,True,True,True,True,False,5804,5,5
store\data_saved\phase2_B5D_tight_local_envelope_validation\combined\b5c003_hp281p755_vp6p735_combined.csv,b5c003_hp281p755_vp6p735_combined.csv,0,5863,global_t,mis_id,terminal_error_columns,global_t;mis_id;taem_h_err;taem_v_err;taem_s_go_err,,True,True,True,True,False,5856,5,5
store\data_saved\phase2_B5D_tight_local_envelope_validation\combined\b5c003_hp281p755_vp6p735_combined.csv,b5c003_hp281p755_vp6p735_combined.csv,1,5829,global_t,mis_id,terminal_error_columns,global_t;mis_id;taem_h_err;taem_v_err;taem_s_go_err,,True,True,True,True,False,5822,5,5
store\data_saved\phase2_B5D_tight_local_envelope_validation\combined\b5c003_hp281p755_vp6p735_combined.csv,b5c003_hp281p755_vp6p735_combined.csv,2,5805,global_t,mis_id,terminal_error_columns,global_t;mis_id;taem_h_err;taem_v_err;taem_s_go_err,,True,True,True,True,False,5798,5,5
store\data_saved\phase2_B5D_tight_local_envelope_validation\combined\b5c004_hp106p199_vp8p290_combined.csv,b5c004_hp106p199_vp8p290_combined.csv,0,5858,global_t,mis_id,terminal_error_columns,global_t;mis_id;taem_h_err;taem_v_err;taem_s_go_err,,True,True,True,True,False,5852,4,4
store\data_saved\phase2_B5D_tight_local_envelope_validation\combined\b5c004_hp106p199_vp8p290_combined.csv,b5c004_hp106p199_vp8p290_combined.csv,1,5831,global_t,mis_id,terminal_error_columns,global_t;mis_id;taem_h_err;taem_v_err;taem_s_go_err,,True,True,True,True,False,5824,5,5
store\data_saved\phase2_B5D_tight_local_envelope_validation\combined\b5c004_hp106p199_vp8p290_combined.csv,b5c004_hp106p199_vp8p290_combined.csv,2,5808,global_t,mis_id,terminal_error_columns,global_t;mis_id;taem_h_err;taem_v_err;taem_s_go_err,,True,True,True,True,False,5801,4,4
store\data_saved\phase2_B5D_tight_local_envelope_validation\combined\b5c005_hp157p702_vp5p565_combined.csv,b5c005_hp157p702_vp5p565_combined.csv,0,5844,global_t,mis_id,terminal_error_columns,global_t;mis_id;taem_h_err;taem_v_err;taem_s_go_err,,True,True,True,True,False,5838,5,5
store\data_saved\phase2_B5D_tight_local_envelope_validation\combined\b5c005_hp157p702_vp5p565_combined.csv,b5c005_hp157p702_vp5p565_combined.csv,1,5829,global_t,mis_id,terminal_error_columns,global_t;mis_id;taem_h_err;taem_v_err;taem_s_go_err,,True,True,True,True,False,5822,5,5
store\data_saved\phase2_B5D_tight_local_envelope_validation\combined\b5c005_hp157p702_vp5p565_combined.csv,b5c005_hp157p702_vp5p565_combined.csv,2,5813,global_t,mis_id,terminal_error_columns,global_t;mis_id;taem_h_err;taem_v_err;taem_s_go_err,,True,True,True,True,False,5807,4,4
store\data_saved\phase2_B5D_tight_local_envelope_validation\combined\b5c006_hp262p371_vm3p022_combined.csv,b5c006_hp262p371_vm3p022_combined.csv,0,5846,global_t,mis_id,terminal_error_columns,global_t;mis_id;taem_h_err;taem_v_err;taem_s_go_err,,True,True,True,True,False,5839,6,6
store\data_saved\phase2_B5D_tight_local_envelope_validation\combined\b5c006_hp262p371_vm3p022_combined.csv,b5c006_hp262p371_vm3p022_combined.csv,1,5827,global_t,mis_id,terminal_error_columns,global_t;mis_id;taem_h_err;taem_v_err;taem_s_go_err,,True,True,True,True,False,5820,6,6
store\data_saved\phase2_B5D_tight_local_envelope_validation\combined\b5c006_hp262p371_vm3p022_combined.csv,b5c006_hp262p371_vm3p022_combined.csv,2,5817,global_t,mis_id,terminal_error_columns,global_t;mis_id;taem_h_err;taem_v_err;taem_s_go_err,,True,True,True,True,False,5810,5,5
store\data_saved\phase2_B5D_tight_local_envelope_validation\combined\b5c007_hp278p652_vm0p283_combined.csv,b5c007_hp278p652_vm0p283_combined.csv,0,5849,global_t,mis_id,terminal_error_columns,global_t;mis_id;taem_h_err;taem_v_err;taem_s_go_err,,True,True,True,True,False,5842,6,6
store\data_saved\phase2_B5D_tight_local_envelope_validation\combined\b5c007_hp278p652_vm0p283_combined.csv,b5c007_hp278p652_vm0p283_combined.csv,1,5827,global_t,mis_id,terminal_error_columns,global_t;mis_id;taem_h_err;taem_v_err;taem_s_go_err,,True,True,True,True,False,5821,5,5
store\data_saved\phase2_B5D_tight_local_envelope_validation\combined\b5c007_hp278p652_vm0p283_combined.csv,b5c007_hp278p652_vm0p283_combined.csv,2,5819,global_t,mis_id,terminal_error_columns,global_t;mis_id;taem_h_err;taem_v_err;taem_s_go_err,,True,True,True,True,False,5812,5,5
store\data_saved\phase2_B5D_tight_local_envelope_validation\combined\b5c008_hp76p236_vm1p050_combined.csv,b5c008_hp76p236_vm1p050_combined.csv,0,5862,global_t,mis_id,terminal_error_columns,global_t;mis_id;taem_h_err;taem_v_err;taem_s_go_err,,True,True,True,True,False,5856,5,5
store\data_saved\phase2_B5D_tight_local_envelope_validation\combined\b5c008_hp76p236_vm1p050_combined.csv,b5c008_hp76p236_vm1p050_combined.csv,1,5833,global_t,mis_id,terminal_error_columns,global_t;mis_id;taem_h_err;taem_v_err;taem_s_go_err,,True,True,True,True,False,5827,5,5
store\data_saved\phase2_B5D_tight_local_envelope_validation\combined\b5c008_hp76p236_vm1p050_combined.csv,b5c008_hp76p236_vm1p050_combined.csv,2,5804,global_t,mis_id,terminal_error_columns,global_t;mis_id;taem_h_err;taem_v_err;taem_s_go_err,,True,True,True,True,False,5798,5,5
store\data_saved\phase2_B5D_tight_local_envelope_validation\combined\b5c009_hp463p922_vp3p164_combined.csv,b5c009_hp463p922_vp3p164_combined.csv,0,5869,global_t,mis_id,terminal_error_columns,global_t;mis_id;taem_h_err;taem_v_err;taem_s_go_err,,True,True,True,True,False,5863,5,5
store\data_saved\phase2_B5D_tight_local_envelope_validation\combined\b5c009_hp463p922_vp3p164_combined.csv,b5c009_hp463p922_vp3p164_combined.csv,1,5832,global_t,mis_id,terminal_error_columns,global_t;mis_id;taem_h_err;taem_v_err;taem_s_go_err,,True,True,True,True,False,5825,5,5
store\data_saved\phase2_B5D_tight_local_envelope_validation\combined\b5c009_hp463p922_vp3p164_combined.csv,b5c009_hp463p922_vp3p164_combined.csv,2,5819,global_t,mis_id,terminal_error_columns,global_t;mis_id;taem_h_err;taem_v_err;taem_s_go_err,,True,True,True,True,False,5812,5,5
store\data_saved\phase2_B5D_tight_local_envelope_validation\combined\b5c010_hp59p976_vp4p029_combined.csv,b5c010_hp59p976_vp4p029_combined.csv,0,5852,global_t,mis_id,terminal_error_columns,global_t;mis_id;taem_h_err;taem_v_err;taem_s_go_err,,True,True,True,True,False,5846,5,5
store\data_saved\phase2_B5D_tight_local_envelope_validation\combined\b5c010_hp59p976_vp4p029_combined.csv,b5c010_hp59p976_vp4p029_combined.csv,1,5843,global_t,mis_id,terminal_error_columns,global_t;mis_id;taem_h_err;taem_v_err;taem_s_go_err,,True,True,True,True,False,5836,5,5
store\data_saved\phase2_B5D_tight_local_envelope_validation\combined\b5c010_hp59p976_vp4p029_combined.csv,b5c010_hp59p976_vp4p029_combined.csv,2,5812,global_t,mis_id,terminal_error_columns,global_t;mis_id;taem_h_err;taem_v_err;taem_s_go_err,,True,True,True,True,False,5805,5,5
store\data_saved\phase2_B5D_tight_local_envelope_validation\combined\b5c011_hp349p694_vm0p101_combined.csv,b5c011_hp349p694_vm0p101_combined.csv,0,5847,global_t,mis_id,terminal_error_columns,global_t;mis_id;taem_h_err;taem_v_err;taem_s_go_err,,True,True,True,True,False,5841,5,5
store\data_saved\phase2_B5D_tight_local_envelope_validation\combined\b5c011_hp349p694_vm0p101_combined.csv,b5c011_hp349p694_vm0p101_combined.csv,1,5842,global_t,mis_id,terminal_error_columns,global_t;mis_id;taem_h_err;taem_v_err;taem_s_go_err,,True,True,True,True,False,5836,5,5
store\data_saved\phase2_B5D_tight_local_envelope_validation\combined\b5c011_hp349p694_vm0p101_combined.csv,b5c011_hp349p694_vm0p101_combined.csv,2,5810,global_t,mis_id,terminal_error_columns,global_t;mis_id;taem_h_err;taem_v_err;taem_s_go_err,,True,True,True,True,False,5804,5,5
store\data_saved\phase2_B5D_tight_local_envelope_validation\combined\b5c012_hp14p700_vp1p086_combined.csv,b5c012_hp14p700_vp1p086_combined.csv,0,5865,global_t,mis_id,terminal_error_columns,global_t;mis_id;taem_h_err;taem_v_err;taem_s_go_err,,True,True,True,True,False,5859,5,5
store\data_saved\phase2_B5D_tight_local_envelope_validation\combined\b5c012_hp14p700_vp1p086_combined.csv,b5c012_hp14p700_vp1p086_combined.csv,1,5829,global_t,mis_id,terminal_error_columns,global_t;mis_id;taem_h_err;taem_v_err;taem_s_go_err,,True,True,True,True,False,5823,5,5
store\data_saved\phase2_B5D_tight_local_envelope_validation\combined\b5c012_hp14p700_vp1p086_combined.csv,b5c012_hp14p700_vp1p086_combined.csv,2,5815,global_t,mis_id,terminal_error_columns,global_t;mis_id;taem_h_err;taem_v_err;taem_s_go_err,,True,True,True,True,False,5808,5,5
store\data_saved\phase2_B5D_tight_local_envelope_validation\combined\b5c013_hp141p172_vp0p854_combined.csv,b5c013_hp141p172_vp0p854_combined.csv,0,5857,global_t,mis_id,terminal_error_columns,global_t;mis_id;taem_h_err;taem_v_err;taem_s_go_err,,True,True,True,True,False,5851,5,5
store\data_saved\phase2_B5D_tight_local_envelope_validation\combined\b5c013_hp141p172_vp0p854_combined.csv,b5c013_hp141p172_vp0p854_combined.csv,1,5832,global_t,mis_id,terminal_error_columns,global_t;mis_id;taem_h_err;taem_v_err;taem_s_go_err,,True,True,True,True,False,5826,5,5
store\data_saved\phase2_B5D_tight_local_envelope_validation\combined\b5c013_hp141p172_vp0p854_combined.csv,b5c013_hp141p172_vp0p854_combined.csv,2,5815,global_t,mis_id,terminal_error_columns,global_t;mis_id;taem_h_err;taem_v_err;taem_s_go_err,,True,True,True,True,False,5809,5,5
store\data_saved\phase2_B5D_tight_local_envelope_validation\combined\b5c014_hp190p148_vm1p949_combined.csv,b5c014_hp190p148_vm1p949_combined.csv,0,5839,global_t,mis_id,terminal_error_columns,global_t;mis_id;taem_h_err;taem_v_err;taem_s_go_err,,True,True,True,True,False,5833,5,5
store\data_saved\phase2_B5D_tight_local_envelope_validation\combined\b5c014_hp190p148_vm1p949_combined.csv,b5c014_hp190p148_vm1p949_combined.csv,1,5837,global_t,mis_id,terminal_error_columns,global_t;mis_id;taem_h_err;taem_v_err;taem_s_go_err,,True,True,True,True,False,5831,5,5
store\data_saved\phase2_B5D_tight_local_envelope_validation\combined\b5c014_hp190p148_vm1p949_combined.csv,b5c014_hp190p148_vm1p949_combined.csv,2,5819,global_t,mis_id,terminal_error_columns,global_t;mis_id;taem_h_err;taem_v_err;taem_s_go_err,,True,True,True,True,False,5813,5,5
store\data_saved\phase2_B5D_tight_local_envelope_validation\combined\b5c015_hp468p756_vp8p881_combined.csv,b5c015_hp468p756_vp8p881_combined.csv,0,5858,global_t,mis_id,terminal_error_columns,global_t;mis_id;taem_h_err;taem_v_err;taem_s_go_err,,True,True,True,True,False,5851,5,5
store\data_saved\phase2_B5D_tight_local_envelope_validation\combined\b5c015_hp468p756_vp8p881_combined.csv,b5c015_hp468p756_vp8p881_combined.csv,1,5839,global_t,mis_id,terminal_error_columns,global_t;mis_id;taem_h_err;taem_v_err;taem_s_go_err,,True,True,True,True,False,5832,5,5
store\data_saved\phase2_B5D_tight_local_envelope_validation\combined\b5c015_hp468p756_vp8p881_combined.csv,b5c015_hp468p756_vp8p881_combined.csv,2,5820,global_t,mis_id,terminal_error_columns,global_t;mis_id;taem_h_err;taem_v_err;taem_s_go_err,,True,True,True,True,False,5812,5,5
store\data_saved\phase2_B5D_tight_local_envelope_validation\combined\b5c016_hp86p233_vm5p063_combined.csv,b5c016_hp86p233_vm5p063_combined.csv,0,5855,global_t,mis_id,terminal_error_columns,global_t;mis_id;taem_h_err;taem_v_err;taem_s_go_err,,True,True,True,True,False,5849,6,6
store\data_saved\phase2_B5D_tight_local_envelope_validation\combined\b5c016_hp86p233_vm5p063_combined.csv,b5c016_hp86p233_vm5p063_combined.csv,1,5825,global_t,mis_id,terminal_error_columns,global_t;mis_id;taem_h_err;taem_v_err;taem_s_go_err,,True,True,True,True,False,5819,6,6
store\data_saved\phase2_B5D_tight_local_envelope_validation\combined\b5c016_hp86p233_vm5p063_combined.csv,b5c016_hp86p233_vm5p063_combined.csv,2,5803,global_t,mis_id,terminal_error_columns,global_t;mis_id;taem_h_err;taem_v_err;taem_s_go_err,,True,True,True,True,False,5797,5,5
store\data_saved\phase2_B5D_tight_local_envelope_validation\combined\b5c017_hp492p240_vp1p120_combined.csv,b5c017_hp492p240_vp1p120_combined.csv,0,5866,global_t,mis_id,terminal_error_columns,global_t;mis_id;taem_h_err;taem_v_err;taem_s_go_err,,True,True,True,True,False,5860,5,5
store\data_saved\phase2_B5D_tight_local_envelope_validation\combined\b5c017_hp492p240_vp1p120_combined.csv,b5c017_hp492p240_vp1p120_combined.csv,1,5836,global_t,mis_id,terminal_error_columns,global_t;mis_id;taem_h_err;taem_v_err;taem_s_go_err,,True,True,True,True,False,5830,5,5
store\data_saved\phase2_B5D_tight_local_envelope_validation\combined\b5c017_hp492p240_vp1p120_combined.csv,b5c017_hp492p240_vp1p120_combined.csv,2,5824,global_t,mis_id,terminal_error_columns,global_t;mis_id;taem_h_err;taem_v_err;taem_s_go_err,,True,True,True,True,False,5817,5,5
store\data_saved\phase2_B5D_tight_local_envelope_validation\combined\b5c018_hp343p939_vp1p764_combined.csv,b5c018_hp343p939_vp1p764_combined.csv,0,5857,global_t,mis_id,terminal_error_columns,global_t;mis_id;taem_h_err;taem_v_err;taem_s_go_err,,True,True,True,True,False,5851,5,5
store\data_saved\phase2_B5D_tight_local_envelope_validation\combined\b5c018_hp343p939_vp1p764_combined.csv,b5c018_hp343p939_vp1p764_combined.csv,1,5836,global_t,mis_id,terminal_error_columns,global_t;mis_id;taem_h_err;taem_v_err;taem_s_go_err,,True,True,True,True,False,5829,5,5
store\data_saved\phase2_B5D_tight_local_envelope_validation\combined\b5c018_hp343p939_vp1p764_combined.csv,b5c018_hp343p939_vp1p764_combined.csv,2,5820,global_t,mis_id,terminal_error_columns,global_t;mis_id;taem_h_err;taem_v_err;taem_s_go_err,,True,True,True,True,False,5813,5,5
store\data_saved\phase2_B5D_tight_local_envelope_validation\combined\b5c019_hp61p117_vp1p056_combined.csv,b5c019_hp61p117_vp1p056_combined.csv,0,5858,global_t,mis_id,terminal_error_columns,global_t;mis_id;taem_h_err;taem_v_err;taem_s_go_err,,True,True,True,True,False,5852,5,5
store\data_saved\phase2_B5D_tight_local_envelope_validation\combined\b5c019_hp61p117_vp1p056_combined.csv,b5c019_hp61p117_vp1p056_combined.csv,1,5829,global_t,mis_id,terminal_error_columns,global_t;mis_id;taem_h_err;taem_v_err;taem_s_go_err,,True,True,True,True,False,5823,5,5
store\data_saved\phase2_B5D_tight_local_envelope_validation\combined\b5c019_hp61p117_vp1p056_combined.csv,b5c019_hp61p117_vp1p056_combined.csv,2,5817,global_t,mis_id,terminal_error_columns,global_t;mis_id;taem_h_err;taem_v_err;taem_s_go_err,,True,True,True,True,False,5810,5,5
store\data_saved\phase2_B5D_tight_local_envelope_validation\combined\b5c020_hp21p581_vm9p979_combined.csv,b5c020_hp21p581_vm9p979_combined.csv,0,5910,global_t,mis_id,terminal_error_columns,global_t;mis_id;taem_h_err;taem_v_err;taem_s_go_err,,False,False,True,False,True,-1,0,0
store\data_saved\phase2_B5D_tight_local_envelope_validation\combined\b5c020_hp21p581_vm9p979_combined.csv,b5c020_hp21p581_vm9p979_combined.csv,1,5822,global_t,mis_id,terminal_error_columns,global_t;mis_id;taem_h_err;taem_v_err;taem_s_go_err,,True,True,True,True,False,5816,5,5
store\data_saved\phase2_B5D_tight_local_envelope_validation\combined\b5c020_hp21p581_vm9p979_combined.csv,b5c020_hp21p581_vm9p979_combined.csv,2,5805,global_t,mis_id,terminal_error_columns,global_t;mis_id;taem_h_err;taem_v_err;taem_s_go_err,,True,True,True,True,False,5799,5,5
store\data_saved\phase2_B5D_tight_local_envelope_validation\combined\b5c021_hp9p864_vp0p067_combined.csv,b5c021_hp9p864_vp0p067_combined.csv,0,5857,global_t,mis_id,terminal_error_columns,global_t;mis_id;taem_h_err;taem_v_err;taem_s_go_err,,True,True,True,True,False,5851,6,6
store\data_saved\phase2_B5D_tight_local_envelope_validation\combined\b5c021_hp9p864_vp0p067_combined.csv,b5c021_hp9p864_vp0p067_combined.csv,1,5830,global_t,mis_id,terminal_error_columns,global_t;mis_id;taem_h_err;taem_v_err;taem_s_go_err,,True,True,True,True,False,5824,5,5
store\data_saved\phase2_B5D_tight_local_envelope_validation\combined\b5c021_hp9p864_vp0p067_combined.csv,b5c021_hp9p864_vp0p067_combined.csv,2,5820,global_t,mis_id,terminal_error_columns,global_t;mis_id;taem_h_err;taem_v_err;taem_s_go_err,,True,True,True,True,False,5814,5,5
store\data_saved\phase2_B5D_tight_local_envelope_validation\combined\b5c022_hp44p606_vm9p298_combined.csv,b5c022_hp44p606_vm9p298_combined.csv,0,5858,global_t,mis_id,terminal_error_columns,global_t;mis_id;taem_h_err;taem_v_err;taem_s_go_err,,True,True,True,True,False,5852,6,6
store\data_saved\phase2_B5D_tight_local_envelope_validation\combined\b5c022_hp44p606_vm9p298_combined.csv,b5c022_hp44p606_vm9p298_combined.csv,1,5829,global_t,mis_id,terminal_error_columns,global_t;mis_id;taem_h_err;taem_v_err;taem_s_go_err,,True,True,True,True,False,5824,5,5
store\data_saved\phase2_B5D_tight_local_envelope_validation\combined\b5c022_hp44p606_vm9p298_combined.csv,b5c022_hp44p606_vm9p298_combined.csv,2,5817,global_t,mis_id,terminal_error_columns,global_t;mis_id;taem_h_err;taem_v_err;taem_s_go_err,,True,True,True,True,False,5811,6,6
store\data_saved\phase2_B5D_tight_local_envelope_validation\combined\b5c023_hp48p334_vp0p483_combined.csv,b5c023_hp48p334_vp0p483_combined.csv,0,5843,global_t,mis_id,terminal_error_columns,global_t;mis_id;taem_h_err;taem_v_err;taem_s_go_err,,True,True,True,True,False,5837,5,5
store\data_saved\phase2_B5D_tight_local_envelope_validation\combined\b5c023_hp48p334_vp0p483_combined.csv,b5c023_hp48p334_vp0p483_combined.csv,1,5834,global_t,mis_id,terminal_error_columns,global_t;mis_id;taem_h_err;taem_v_err;taem_s_go_err,,True,True,True,True,False,5828,5,5
store\data_saved\phase2_B5D_tight_local_envelope_validation\combined\b5c023_hp48p334_vp0p483_combined.csv,b5c023_hp48p334_vp0p483_combined.csv,2,5803,global_t,mis_id,terminal_error_columns,global_t;mis_id;taem_h_err;taem_v_err;taem_s_go_err,,True,True,True,True,False,5797,5,5
store\data_saved\phase2_B5D_tight_local_envelope_validation\combined\b5c024_hp316p252_vm5p690_combined.csv,b5c024_hp316p252_vm5p690_combined.csv,0,5849,global_t,mis_id,terminal_error_columns,global_t;mis_id;taem_h_err;taem_v_err;taem_s_go_err,,True,True,True,True,False,5843,6,6
store\data_saved\phase2_B5D_tight_local_envelope_validation\combined\b5c024_hp316p252_vm5p690_combined.csv,b5c024_hp316p252_vm5p690_combined.csv,1,5837,global_t,mis_id,terminal_error_columns,global_t;mis_id;taem_h_err;taem_v_err;taem_s_go_err,,True,True,True,True,False,5831,6,6
store\data_saved\phase2_B5D_tight_local_envelope_validation\combined\b5c024_hp316p252_vm5p690_combined.csv,b5c024_hp316p252_vm5p690_combined.csv,2,5812,global_t,mis_id,terminal_error_columns,global_t;mis_id;taem_h_err;taem_v_err;taem_s_go_err,,True,True,True,True,False,5806,5,5
store\data_saved\phase2_B5D_tight_local_envelope_validation\combined\b5c025_hp457p541_vm6p362_combined.csv,b5c025_hp457p541_vm6p362_combined.csv,0,5856,global_t,mis_id,terminal_error_columns,global_t;mis_id;taem_h_err;taem_v_err;taem_s_go_err,,True,True,True,True,False,5850,6,6
store\data_saved\phase2_B5D_tight_local_envelope_validation\combined\b5c025_hp457p541_vm6p362_combined.csv,b5c025_hp457p541_vm6p362_combined.csv,1,5840,global_t,mis_id,terminal_error_columns,global_t;mis_id;taem_h_err;taem_v_err;taem_s_go_err,,True,True,True,True,False,5834,5,5
store\data_saved\phase2_B5D_tight_local_envelope_validation\combined\b5c025_hp457p541_vm6p362_combined.csv,b5c025_hp457p541_vm6p362_combined.csv,2,5822,global_t,mis_id,terminal_error_columns,global_t;mis_id;taem_h_err;taem_v_err;taem_s_go_err,,True,True,True,True,False,5816,5,5
store\data_saved\phase2_B5D_tight_local_envelope_validation\combined\b5c026_hp216p564_vp2p798_combined.csv,b5c026_hp216p564_vp2p798_combined.csv,0,5851,global_t,mis_id,terminal_error_columns,global_t;mis_id;taem_h_err;taem_v_err;taem_s_go_err,,True,True,True,True,False,5845,5,5
store\data_saved\phase2_B5D_tight_local_envelope_validation\combined\b5c026_hp216p564_vp2p798_combined.csv,b5c026_hp216p564_vp2p798_combined.csv,1,5829,global_t,mis_id,terminal_error_columns,global_t;mis_id;taem_h_err;taem_v_err;taem_s_go_err,,True,True,True,True,False,5822,5,5
store\data_saved\phase2_B5D_tight_local_envelope_validation\combined\b5c026_hp216p564_vp2p798_combined.csv,b5c026_hp216p564_vp2p798_combined.csv,2,5805,global_t,mis_id,terminal_error_columns,global_t;mis_id;taem_h_err;taem_v_err;taem_s_go_err,,True,True,True,True,False,5798,5,5
store\data_saved\phase2_B5D_tight_local_envelope_validation\combined\b5c027_hp312p051_vm5p900_combined.csv,b5c027_hp312p051_vm5p900_combined.csv,0,5857,global_t,mis_id,terminal_error_columns,global_t;mis_id;taem_h_err;taem_v_err;taem_s_go_err,,True,True,True,True,False,5851,6,6
store\data_saved\phase2_B5D_tight_local_envelope_validation\combined\b5c027_hp312p051_vm5p900_combined.csv,b5c027_hp312p051_vm5p900_combined.csv,1,5834,global_t,mis_id,terminal_error_columns,global_t;mis_id;taem_h_err;taem_v_err;taem_s_go_err,,True,True,True,True,False,5828,5,5
store\data_saved\phase2_B5D_tight_local_envelope_validation\combined\b5c027_hp312p051_vm5p900_combined.csv,b5c027_hp312p051_vm5p900_combined.csv,2,5824,global_t,mis_id,terminal_error_columns,global_t;mis_id;taem_h_err;taem_v_err;taem_s_go_err,,True,True,True,True,False,5818,5,5
store\data_saved\phase2_B5D_tight_local_envelope_validation\combined\b5c028_hp98p422_vm4p869_combined.csv,b5c028_hp98p422_vm4p869_combined.csv,0,5849,global_t,mis_id,terminal_error_columns,global_t;mis_id;taem_h_err;taem_v_err;taem_s_go_err,,True,True,True,True,False,5843,6,6
store\data_saved\phase2_B5D_tight_local_envelope_validation\combined\b5c028_hp98p422_vm4p869_combined.csv,b5c028_hp98p422_vm4p869_combined.csv,1,5826,global_t,mis_id,terminal_error_columns,global_t;mis_id;taem_h_err;taem_v_err;taem_s_go_err,,True,True,True,True,False,5819,6,6
store\data_saved\phase2_B5D_tight_local_envelope_validation\combined\b5c028_hp98p422_vm4p869_combined.csv,b5c028_hp98p422_vm4p869_combined.csv,2,5810,global_t,mis_id,terminal_error_columns,global_t;mis_id;taem_h_err;taem_v_err;taem_s_go_err,,True,True,True,True,False,5804,5,5
store\data_saved\phase2_B5D_tight_local_envelope_validation\combined\b5c029_hp283p266_vp6p772_combined.csv,b5c029_hp283p266_vp6p772_combined.csv,0,5855,global_t,mis_id,terminal_error_columns,global_t;mis_id;taem_h_err;taem_v_err;taem_s_go_err,,True,True,True,True,False,5848,5,5
store\data_saved\phase2_B5D_tight_local_envelope_validation\combined\b5c029_hp283p266_vp6p772_combined.csv,b5c029_hp283p266_vp6p772_combined.csv,1,5823,global_t,mis_id,terminal_error_columns,global_t;mis_id;taem_h_err;taem_v_err;taem_s_go_err,,True,True,True,True,False,5816,5,5
store\data_saved\phase2_B5D_tight_local_envelope_validation\combined\b5c029_hp283p266_vp6p772_combined.csv,b5c029_hp283p266_vp6p772_combined.csv,2,5809,global_t,mis_id,terminal_error_columns,global_t;mis_id;taem_h_err;taem_v_err;taem_s_go_err,,True,True,True,True,False,5802,5,5
store\data_saved\phase2_B5D_tight_local_envelope_validation\combined\b5c030_hp86p638_vm0p242_combined.csv,b5c030_hp86p638_vm0p242_combined.csv,0,5852,global_t,mis_id,terminal_error_columns,global_t;mis_id;taem_h_err;taem_v_err;taem_s_go_err,,True,True,True,True,False,5846,5,5
store\data_saved\phase2_B5D_tight_local_envelope_validation\combined\b5c030_hp86p638_vm0p242_combined.csv,b5c030_hp86p638_vm0p242_combined.csv,1,5834,global_t,mis_id,terminal_error_columns,global_t;mis_id;taem_h_err;taem_v_err;taem_s_go_err,,True,True,True,True,False,5827,5,5
store\data_saved\phase2_B5D_tight_local_envelope_validation\combined\b5c030_hp86p638_vm0p242_combined.csv,b5c030_hp86p638_vm0p242_combined.csv,2,5812,global_t,mis_id,terminal_error_columns,global_t;mis_id;taem_h_err;taem_v_err;taem_s_go_err,,True,True,True,True,False,5806,5,5
store\data_saved\phase2_B5D_tight_local_envelope_validation\combined\b5c031_hp110p319_vp5p597_combined.csv,b5c031_hp110p319_vp5p597_combined.csv,0,5839,global_t,mis_id,terminal_error_columns,global_t;mis_id;taem_h_err;taem_v_err;taem_s_go_err,,True,True,True,True,False,5833,5,5
store\data_saved\phase2_B5D_tight_local_envelope_validation\combined\b5c031_hp110p319_vp5p597_combined.csv,b5c031_hp110p319_vp5p597_combined.csv,1,5832,global_t,mis_id,terminal_error_columns,global_t;mis_id;taem_h_err;taem_v_err;taem_s_go_err,,True,True,True,True,False,5825,5,5
store\data_saved\phase2_B5D_tight_local_envelope_validation\combined\b5c031_hp110p319_vp5p597_combined.csv,b5c031_hp110p319_vp5p597_combined.csv,2,5808,global_t,mis_id,terminal_error_columns,global_t;mis_id;taem_h_err;taem_v_err;taem_s_go_err,,True,True,True,True,False,5802,4,4
store\data_saved\phase2_B5D_tight_local_envelope_validation\combined\b5c032_hp197p674_vm6p911_combined.csv,b5c032_hp197p674_vm6p911_combined.csv,0,5851,global_t,mis_id,terminal_error_columns,global_t;mis_id;taem_h_err;taem_v_err;taem_s_go_err,,True,True,True,True,False,5845,6,6
store\data_saved\phase2_B5D_tight_local_envelope_validation\combined\b5c032_hp197p674_vm6p911_combined.csv,b5c032_hp197p674_vm6p911_combined.csv,1,5828,global_t,mis_id,terminal_error_columns,global_t;mis_id;taem_h_err;taem_v_err;taem_s_go_err,,True,True,True,True,False,5822,6,6
store\data_saved\phase2_B5D_tight_local_envelope_validation\combined\b5c032_hp197p674_vm6p911_combined.csv,b5c032_hp197p674_vm6p911_combined.csv,2,5808,global_t,mis_id,terminal_error_columns,global_t;mis_id;taem_h_err;taem_v_err;taem_s_go_err,,True,True,True,True,False,5802,5,5
store\data_saved\phase2_B5D_tight_local_envelope_validation\combined\b5c033_hp336p292_vp0p794_combined.csv,b5c033_hp336p292_vp0p794_combined.csv,0,5859,global_t,mis_id,terminal_error_columns,global_t;mis_id;taem_h_err;taem_v_err;taem_s_go_err,,True,True,True,True,False,5853,5,5
store\data_saved\phase2_B5D_tight_local_envelope_validation\combined\b5c033_hp336p292_vp0p794_combined.csv,b5c033_hp336p292_vp0p794_combined.csv,1,5829,global_t,mis_id,terminal_error_columns,global_t;mis_id;taem_h_err;taem_v_err;taem_s_go_err,,True,True,True,True,False,5823,5,5
store\data_saved\phase2_B5D_tight_local_envelope_validation\combined\b5c033_hp336p292_vp0p794_combined.csv,b5c033_hp336p292_vp0p794_combined.csv,2,5817,global_t,mis_id,terminal_error_columns,global_t;mis_id;taem_h_err;taem_v_err;taem_s_go_err,,True,True,True,True,False,5810,5,5
store\data_saved\phase2_B5D_tight_local_envelope_validation\combined\b5c034_hp332p074_vm5p639_combined.csv,b5c034_hp332p074_vm5p639_combined.csv,0,5858,global_t,mis_id,terminal_error_columns,global_t;mis_id;taem_h_err;taem_v_err;taem_s_go_err,,True,True,True,True,False,5852,6,6
store\data_saved\phase2_B5D_tight_local_envelope_validation\combined\b5c034_hp332p074_vm5p639_combined.csv,b5c034_hp332p074_vm5p639_combined.csv,1,5829,global_t,mis_id,terminal_error_columns,global_t;mis_id;taem_h_err;taem_v_err;taem_s_go_err,,True,True,True,True,False,5823,6,6
store\data_saved\phase2_B5D_tight_local_envelope_validation\combined\b5c034_hp332p074_vm5p639_combined.csv,b5c034_hp332p074_vm5p639_combined.csv,2,5809,global_t,mis_id,terminal_error_columns,global_t;mis_id;taem_h_err;taem_v_err;taem_s_go_err,,True,True,True,True,False,5803,5,5
store\data_saved\phase2_B5D_tight_local_envelope_validation\combined\b5c035_hp132p429_vm3p567_combined.csv,b5c035_hp132p429_vm3p567_combined.csv,0,5857,global_t,mis_id,terminal_error_columns,global_t;mis_id;taem_h_err;taem_v_err;taem_s_go_err,,True,True,True,True,False,5851,6,6
store\data_saved\phase2_B5D_tight_local_envelope_validation\combined\b5c035_hp132p429_vm3p567_combined.csv,b5c035_hp132p429_vm3p567_combined.csv,1,5820,global_t,mis_id,terminal_error_columns,global_t;mis_id;taem_h_err;taem_v_err;taem_s_go_err,,True,True,True,True,False,5814,5,5
store\data_saved\phase2_B5D_tight_local_envelope_validation\combined\b5c035_hp132p429_vm3p567_combined.csv,b5c035_hp132p429_vm3p567_combined.csv,2,5829,global_t,mis_id,terminal_error_columns,global_t;mis_id;taem_h_err;taem_v_err;taem_s_go_err,,True,True,True,True,False,5823,5,5
store\data_saved\phase2_B5D_tight_local_envelope_validation\combined\b5c036_hp421p940_vm4p196_combined.csv,b5c036_hp421p940_vm4p196_combined.csv,0,5858,global_t,mis_id,terminal_error_columns,global_t;mis_id;taem_h_err;taem_v_err;taem_s_go_err,,True,True,True,True,False,5852,6,6
store\data_saved\phase2_B5D_tight_local_envelope_validation\combined\b5c036_hp421p940_vm4p196_combined.csv,b5c036_hp421p940_vm4p196_combined.csv,1,5835,global_t,mis_id,terminal_error_columns,global_t;mis_id;taem_h_err;taem_v_err;taem_s_go_err,,True,True,True,True,False,5828,6,6
store\data_saved\phase2_B5D_tight_local_envelope_validation\combined\b5c036_hp421p940_vm4p196_combined.csv,b5c036_hp421p940_vm4p196_combined.csv,2,5823,global_t,mis_id,terminal_error_columns,global_t;mis_id;taem_h_err;taem_v_err;taem_s_go_err,,True,True,True,True,False,5817,5,5
store\data_saved\phase2_B5D_tight_local_envelope_validation\combined\b5c037_hp344p441_vp2p572_combined.csv,b5c037_hp344p441_vp2p572_combined.csv,0,5859,global_t,mis_id,terminal_error_columns,global_t;mis_id;taem_h_err;taem_v_err;taem_s_go_err,,True,True,True,True,False,5853,5,5
store\data_saved\phase2_B5D_tight_local_envelope_validation\combined\b5c037_hp344p441_vp2p572_combined.csv,b5c037_hp344p441_vp2p572_combined.csv,1,5844,global_t,mis_id,terminal_error_columns,global_t;mis_id;taem_h_err;taem_v_err;taem_s_go_err,,True,True,True,True,False,5838,5,5
store\data_saved\phase2_B5D_tight_local_envelope_validation\combined\b5c037_hp344p441_vp2p572_combined.csv,b5c037_hp344p441_vp2p572_combined.csv,2,5814,global_t,mis_id,terminal_error_columns,global_t;mis_id;taem_h_err;taem_v_err;taem_s_go_err,,True,True,True,True,False,5807,5,5
store\data_saved\phase2_B5D_tight_local_envelope_validation\combined\b5c038_hp335p499_vm1p147_combined.csv,b5c038_hp335p499_vm1p147_combined.csv,0,5860,global_t,mis_id,terminal_error_columns,global_t;mis_id;taem_h_err;taem_v_err;taem_s_go_err,,True,True,True,True,False,5853,6,6
store\data_saved\phase2_B5D_tight_local_envelope_validation\combined\b5c038_hp335p499_vm1p147_combined.csv,b5c038_hp335p499_vm1p147_combined.csv,1,5843,global_t,mis_id,terminal_error_columns,global_t;mis_id;taem_h_err;taem_v_err;taem_s_go_err,,True,True,True,True,False,5837,5,5
store\data_saved\phase2_B5D_tight_local_envelope_validation\combined\b5c038_hp335p499_vm1p147_combined.csv,b5c038_hp335p499_vm1p147_combined.csv,2,5805,global_t,mis_id,terminal_error_columns,global_t;mis_id;taem_h_err;taem_v_err;taem_s_go_err,,True,True,True,True,False,5799,4,4
store\data_saved\phase2_B5D_tight_local_envelope_validation\combined\b5c039_hp377p603_vm0p371_combined.csv,b5c039_hp377p603_vm0p371_combined.csv,0,5851,global_t,mis_id,terminal_error_columns,global_t;mis_id;taem_h_err;taem_v_err;taem_s_go_err,,True,True,True,True,False,5844,6,6
store\data_saved\phase2_B5D_tight_local_envelope_validation\combined\b5c039_hp377p603_vm0p371_combined.csv,b5c039_hp377p603_vm0p371_combined.csv,1,5839,global_t,mis_id,terminal_error_columns,global_t;mis_id;taem_h_err;taem_v_err;taem_s_go_err,,True,True,True,True,False,5833,5,5
store\data_saved\phase2_B5D_tight_local_envelope_validation\combined\b5c039_hp377p603_vm0p371_combined.csv,b5c039_hp377p603_vm0p371_combined.csv,2,5809,global_t,mis_id,terminal_error_columns,global_t;mis_id;taem_h_err;taem_v_err;taem_s_go_err,,True,True,True,True,False,5802,5,5
store\data_saved\phase2_B5D_tight_local_envelope_validation\combined\b5c040_hp129p630_vm0p019_combined.csv,b5c040_hp129p630_vm0p019_combined.csv,0,5867,global_t,mis_id,terminal_error_columns,global_t;mis_id;taem_h_err;taem_v_err;taem_s_go_err,,True,True,True,True,False,5861,5,5
store\data_saved\phase2_B5D_tight_local_envelope_validation\combined\b5c040_hp129p630_vm0p019_combined.csv,b5c040_hp129p630_vm0p019_combined.csv,1,5833,global_t,mis_id,terminal_error_columns,global_t;mis_id;taem_h_err;taem_v_err;taem_s_go_err,,True,True,True,True,False,5827,5,5
store\data_saved\phase2_B5D_tight_local_envelope_validation\combined\b5c040_hp129p630_vm0p019_combined.csv,b5c040_hp129p630_vm0p019_combined.csv,2,5814,global_t,mis_id,terminal_error_columns,global_t;mis_id;taem_h_err;taem_v_err;taem_s_go_err,,True,True,True,True,False,5808,5,5
store\data_saved\phase2_B5D_tight_local_envelope_validation\combined\b5c041_hp343p214_vm7p616_combined.csv,b5c041_hp343p214_vm7p616_combined.csv,0,5849,global_t,mis_id,terminal_error_columns,global_t;mis_id;taem_h_err;taem_v_err;taem_s_go_err,,True,True,True,True,False,5843,6,6
store\data_saved\phase2_B5D_tight_local_envelope_validation\combined\b5c041_hp343p214_vm7p616_combined.csv,b5c041_hp343p214_vm7p616_combined.csv,1,5834,global_t,mis_id,terminal_error_columns,global_t;mis_id;taem_h_err;taem_v_err;taem_s_go_err,,True,True,True,True,False,5828,5,5
store\data_saved\phase2_B5D_tight_local_envelope_validation\combined\b5c041_hp343p214_vm7p616_combined.csv,b5c041_hp343p214_vm7p616_combined.csv,2,5816,global_t,mis_id,terminal_error_columns,global_t;mis_id;taem_h_err;taem_v_err;taem_s_go_err,,True,True,True,True,False,5810,5,5
store\data_saved\phase2_B5D_tight_local_envelope_validation\combined\b5c042_hp365p116_vp0p190_combined.csv,b5c042_hp365p116_vp0p190_combined.csv,0,5851,global_t,mis_id,terminal_error_columns,global_t;mis_id;taem_h_err;taem_v_err;taem_s_go_err,,True,True,True,True,False,5844,6,6
store\data_saved\phase2_B5D_tight_local_envelope_validation\combined\b5c042_hp365p116_vp0p190_combined.csv,b5c042_hp365p116_vp0p190_combined.csv,1,5830,global_t,mis_id,terminal_error_columns,global_t;mis_id;taem_h_err;taem_v_err;taem_s_go_err,,True,True,True,True,False,5824,5,5
store\data_saved\phase2_B5D_tight_local_envelope_validation\combined\b5c042_hp365p116_vp0p190_combined.csv,b5c042_hp365p116_vp0p190_combined.csv,2,5821,global_t,mis_id,terminal_error_columns,global_t;mis_id;taem_h_err;taem_v_err;taem_s_go_err,,True,True,True,True,False,5815,4,4
store\data_saved\phase2_B5D_tight_local_envelope_validation\combined\b5c043_hp452p043_vp0p481_combined.csv,b5c043_hp452p043_vp0p481_combined.csv,0,5847,global_t,mis_id,terminal_error_columns,global_t;mis_id;taem_h_err;taem_v_err;taem_s_go_err,,True,True,True,True,False,5841,5,5
store\data_saved\phase2_B5D_tight_local_envelope_validation\combined\b5c043_hp452p043_vp0p481_combined.csv,b5c043_hp452p043_vp0p481_combined.csv,1,5848,global_t,mis_id,terminal_error_columns,global_t;mis_id;taem_h_err;taem_v_err;taem_s_go_err,,True,True,True,True,False,5841,5,5
store\data_saved\phase2_B5D_tight_local_envelope_validation\combined\b5c043_hp452p043_vp0p481_combined.csv,b5c043_hp452p043_vp0p481_combined.csv,2,5814,global_t,mis_id,terminal_error_columns,global_t;mis_id;taem_h_err;taem_v_err;taem_s_go_err,,True,True,True,True,False,5807,5,5
store\data_saved\phase2_B5D_tight_local_envelope_validation\combined\b5c044_hp440p893_vm6p434_combined.csv,b5c044_hp440p893_vm6p434_combined.csv,0,5853,global_t,mis_id,terminal_error_columns,global_t;mis_id;taem_h_err;taem_v_err;taem_s_go_err,,True,True,True,True,False,5847,6,6
store\data_saved\phase2_B5D_tight_local_envelope_validation\combined\b5c044_hp440p893_vm6p434_combined.csv,b5c044_hp440p893_vm6p434_combined.csv,1,5823,global_t,mis_id,terminal_error_columns,global_t;mis_id;taem_h_err;taem_v_err;taem_s_go_err,,True,True,True,True,False,5817,5,5
store\data_saved\phase2_B5D_tight_local_envelope_validation\combined\b5c044_hp440p893_vm6p434_combined.csv,b5c044_hp440p893_vm6p434_combined.csv,2,5812,global_t,mis_id,terminal_error_columns,global_t;mis_id;taem_h_err;taem_v_err;taem_s_go_err,,True,True,True,True,False,5805,6,6
store\data_saved\phase2_B5D_tight_local_envelope_validation\combined\b5c045_hp67p020_vm0p134_combined.csv,b5c045_hp67p020_vm0p134_combined.csv,0,5861,global_t,mis_id,terminal_error_columns,global_t;mis_id;taem_h_err;taem_v_err;taem_s_go_err,,True,True,True,True,False,5855,5,5
store\data_saved\phase2_B5D_tight_local_envelope_validation\combined\b5c045_hp67p020_vm0p134_combined.csv,b5c045_hp67p020_vm0p134_combined.csv,1,5831,global_t,mis_id,terminal_error_columns,global_t;mis_id;taem_h_err;taem_v_err;taem_s_go_err,,True,True,True,True,False,5825,5,5
store\data_saved\phase2_B5D_tight_local_envelope_validation\combined\b5c045_hp67p020_vm0p134_combined.csv,b5c045_hp67p020_vm0p134_combined.csv,2,5811,global_t,mis_id,terminal_error_columns,global_t;mis_id;taem_h_err;taem_v_err;taem_s_go_err,,True,True,True,True,False,5805,5,5
store\data_saved\phase2_B5D_tight_local_envelope_validation\combined\b5c046_hp1p809_vm0p086_combined.csv,b5c046_hp1p809_vm0p086_combined.csv,0,5854,global_t,mis_id,terminal_error_columns,global_t;mis_id;taem_h_err;taem_v_err;taem_s_go_err,,True,True,True,True,False,5848,5,5
store\data_saved\phase2_B5D_tight_local_envelope_validation\combined\b5c046_hp1p809_vm0p086_combined.csv,b5c046_hp1p809_vm0p086_combined.csv,1,5821,global_t,mis_id,terminal_error_columns,global_t;mis_id;taem_h_err;taem_v_err;taem_s_go_err,,True,True,True,True,False,5815,5,5
store\data_saved\phase2_B5D_tight_local_envelope_validation\combined\b5c046_hp1p809_vm0p086_combined.csv,b5c046_hp1p809_vm0p086_combined.csv,2,5814,global_t,mis_id,terminal_error_columns,global_t;mis_id;taem_h_err;taem_v_err;taem_s_go_err,,True,True,True,True,False,5808,5,5
store\data_saved\phase2_B5D_tight_local_envelope_validation\combined\b5c047_hp52p723_vp6p654_combined.csv,b5c047_hp52p723_vp6p654_combined.csv,0,5846,global_t,mis_id,terminal_error_columns,global_t;mis_id;taem_h_err;taem_v_err;taem_s_go_err,,True,True,True,True,False,5839,5,5
store\data_saved\phase2_B5D_tight_local_envelope_validation\combined\b5c047_hp52p723_vp6p654_combined.csv,b5c047_hp52p723_vp6p654_combined.csv,1,5836,global_t,mis_id,terminal_error_columns,global_t;mis_id;taem_h_err;taem_v_err;taem_s_go_err,,True,True,True,True,False,5829,5,5
store\data_saved\phase2_B5D_tight_local_envelope_validation\combined\b5c047_hp52p723_vp6p654_combined.csv,b5c047_hp52p723_vp6p654_combined.csv,2,5819,global_t,mis_id,terminal_error_columns,global_t;mis_id;taem_h_err;taem_v_err;taem_s_go_err,,True,True,True,True,False,5812,5,5
store\data_saved\phase2_B5D_tight_local_envelope_validation\combined\b5c048_hp380p801_vm0p950_combined.csv,b5c048_hp380p801_vm0p950_combined.csv,0,5847,global_t,mis_id,terminal_error_columns,global_t;mis_id;taem_h_err;taem_v_err;taem_s_go_err,,True,True,True,True,False,5841,5,5
store\data_saved\phase2_B5D_tight_local_envelope_validation\combined\b5c048_hp380p801_vm0p950_combined.csv,b5c048_hp380p801_vm0p950_combined.csv,1,5840,global_t,mis_id,terminal_error_columns,global_t;mis_id;taem_h_err;taem_v_err;taem_s_go_err,,True,True,True,True,False,5833,5,5
store\data_saved\phase2_B5D_tight_local_envelope_validation\combined\b5c048_hp380p801_vm0p950_combined.csv,b5c048_hp380p801_vm0p950_combined.csv,2,5813,global_t,mis_id,terminal_error_columns,global_t;mis_id;taem_h_err;taem_v_err;taem_s_go_err,,True,True,True,True,False,5807,5,5
store\data_saved\phase2_B5D_tight_local_envelope_validation\combined\b5c049_hp64p217_vp6p242_combined.csv,b5c049_hp64p217_vp6p242_combined.csv,0,5865,global_t,mis_id,terminal_error_columns,global_t;mis_id;taem_h_err;taem_v_err;taem_s_go_err,,True,True,True,True,False,5858,5,5
store\data_saved\phase2_B5D_tight_local_envelope_validation\combined\b5c049_hp64p217_vp6p242_combined.csv,b5c049_hp64p217_vp6p242_combined.csv,1,5829,global_t,mis_id,terminal_error_columns,global_t;mis_id;taem_h_err;taem_v_err;taem_s_go_err,,True,True,True,True,False,5822,5,5
store\data_saved\phase2_B5D_tight_local_envelope_validation\combined\b5c049_hp64p217_vp6p242_combined.csv,b5c049_hp64p217_vp6p242_combined.csv,2,5827,global_t,mis_id,terminal_error_columns,global_t;mis_id;taem_h_err;taem_v_err;taem_s_go_err,,True,True,True,True,False,5820,4,4
