file,vehicle_id,n_rows,time_col,error_source_cols,schema_ok,time_ok,finite_state_ok,end_guide_any,end_guide_final,final_row_ok,end_reason_final,terminal_reason_ok,success_flag_any,success_cols,close_pass_any,close_cols,replayed_dwell,dwell_entry_idx,dwell_confirm_idx,max_replayed_dwell_count,logging_audit_pass,replayed_strict_success,notes
outputs\logging_audit_B5D_combined_input_stage\b5d_combined_001.csv,0,5864,global_t,height;velocity;s_go,True,True,True,True,True,True,taem_dwell_reached,True,True,taem_success_latched;taem_reached_ever;taem_reached_event;taem_reached,False,close_pass_escape,True,5856,5858,5,True,True,
outputs\logging_audit_B5D_combined_input_stage\b5d_combined_001.csv,1,5828,global_t,height;velocity;s_go,True,True,True,True,True,True,taem_dwell_reached,True,True,taem_success_latched;taem_reached_ever;taem_reached_event;taem_reached,False,close_pass_escape,True,5820,5822,5,True,True,
outputs\logging_audit_B5D_combined_input_stage\b5d_combined_001.csv,2,5815,global_t,height;velocity;s_go,True,True,True,True,True,True,taem_dwell_reached,True,True,taem_success_latched;taem_reached_ever;taem_reached_event;taem_reached,False,close_pass_escape,True,5807,5809,4,True,True,
outputs\logging_audit_B5D_combined_input_stage\b5d_combined_002.csv,0,5855,global_t,height;velocity;s_go,True,True,True,True,True,True,taem_dwell_reached,True,True,taem_success_latched;taem_reached_ever;taem_reached_event;taem_reached,False,close_pass_escape,True,5847,5849,5,True,True,
outputs\logging_audit_B5D_combined_input_stage\b5d_combined_002.csv,1,5840,global_t,height;velocity;s_go,True,True,True,True,True,True,taem_dwell_reached,True,True,taem_success_latched;taem_reached_ever;taem_reached_event;taem_reached,False,close_pass_escape,True,5831,5833,5,True,True,
outputs\logging_audit_B5D_combined_input_stage\b5d_combined_002.csv,2,5813,global_t,height;velocity;s_go,True,True,True,True,True,True,taem_dwell_reached,True,True,taem_success_latched;taem_reached_ever;taem_reached_event;taem_reached,False,close_pass_escape,True,5804,5806,5,True,True,
outputs\logging_audit_B5D_combined_input_stage\b5d_combined_003.csv,0,5857,global_t,height;velocity;s_go,True,True,True,True,True,True,taem_dwell_reached,True,True,taem_success_latched;taem_reached_ever;taem_reached_event;taem_reached,False,close_pass_escape,True,5849,5851,5,True,True,
outputs\logging_audit_B5D_combined_input_stage\b5d_combined_003.csv,1,5833,global_t,height;velocity;s_go,True,True,True,True,True,True,taem_dwell_reached,True,True,taem_success_latched;taem_reached_ever;taem_reached_event;taem_reached,False,close_pass_escape,True,5825,5827,5,True,True,
outputs\logging_audit_B5D_combined_input_stage\b5d_combined_003.csv,2,5810,global_t,height;velocity;s_go,True,True,True,True,True,True,taem_dwell_reached,True,True,taem_success_latched;taem_reached_ever;taem_reached_event;taem_reached,False,close_pass_escape,True,5802,5804,5,True,True,
outputs\logging_audit_B5D_combined_input_stage\b5d_combined_004.csv,0,5863,global_t,height;velocity;s_go,True,True,True,True,True,True,taem_dwell_reached,True,True,taem_success_latched;taem_reached_ever;taem_reached_event;taem_reached,False,close_pass_escape,True,5854,5856,5,True,True,
outputs\logging_audit_B5D_combined_input_stage\b5d_combined_004.csv,1,5829,global_t,height;velocity;s_go,True,True,True,True,True,True,taem_dwell_reached,True,True,taem_success_latched;taem_reached_ever;taem_reached_event;taem_reached,False,close_pass_escape,True,5820,5822,5,True,True,
outputs\logging_audit_B5D_combined_input_stage\b5d_combined_004.csv,2,5805,global_t,height;velocity;s_go,True,True,True,True,True,True,taem_dwell_reached,True,True,taem_success_latched;taem_reached_ever;taem_reached_event;taem_reached,False,close_pass_escape,True,5796,5798,5,True,True,
outputs\logging_audit_B5D_combined_input_stage\b5d_combined_005.csv,0,5858,global_t,height;velocity;s_go,True,True,True,True,True,True,taem_dwell_reached,True,True,taem_success_latched;taem_reached_ever;taem_reached_event;taem_reached,False,close_pass_escape,True,5850,5852,4,True,True,
outputs\logging_audit_B5D_combined_input_stage\b5d_combined_005.csv,1,5831,global_t,height;velocity;s_go,True,True,True,True,True,True,taem_dwell_reached,True,True,taem_success_latched;taem_reached_ever;taem_reached_event;taem_reached,False,close_pass_escape,True,5822,5824,5,True,True,
outputs\logging_audit_B5D_combined_input_stage\b5d_combined_005.csv,2,5808,global_t,height;velocity;s_go,True,True,True,True,True,True,taem_dwell_reached,True,True,taem_success_latched;taem_reached_ever;taem_reached_event;taem_reached,False,close_pass_escape,True,5799,5801,4,True,True,
outputs\logging_audit_B5D_combined_input_stage\b5d_combined_006.csv,0,5844,global_t,height;velocity;s_go,True,True,True,True,True,True,taem_dwell_reached,True,True,taem_success_latched;taem_reached_ever;taem_reached_event;taem_reached,False,close_pass_escape,True,5836,5838,5,True,True,
outputs\logging_audit_B5D_combined_input_stage\b5d_combined_006.csv,1,5829,global_t,height;velocity;s_go,True,True,True,True,True,True,taem_dwell_reached,True,True,taem_success_latched;taem_reached_ever;taem_reached_event;taem_reached,False,close_pass_escape,True,5820,5822,5,True,True,
outputs\logging_audit_B5D_combined_input_stage\b5d_combined_006.csv,2,5813,global_t,height;velocity;s_go,True,True,True,True,True,True,taem_dwell_reached,True,True,taem_success_latched;taem_reached_ever;taem_reached_event;taem_reached,False,close_pass_escape,True,5805,5807,4,True,True,
outputs\logging_audit_B5D_combined_input_stage\b5d_combined_007.csv,0,5846,global_t,height;velocity;s_go,True,True,True,True,True,True,taem_dwell_reached,True,True,taem_success_latched;taem_reached_ever;taem_reached_event;taem_reached,False,close_pass_escape,True,5837,5839,6,True,True,
outputs\logging_audit_B5D_combined_input_stage\b5d_combined_007.csv,1,5827,global_t,height;velocity;s_go,True,True,True,True,True,True,taem_dwell_reached,True,True,taem_success_latched;taem_reached_ever;taem_reached_event;taem_reached,False,close_pass_escape,True,5818,5820,6,True,True,
outputs\logging_audit_B5D_combined_input_stage\b5d_combined_007.csv,2,5817,global_t,height;velocity;s_go,True,True,True,True,True,True,taem_dwell_reached,True,True,taem_success_latched;taem_reached_ever;taem_reached_event;taem_reached,False,close_pass_escape,True,5808,5810,5,True,True,
outputs\logging_audit_B5D_combined_input_stage\b5d_combined_008.csv,0,5849,global_t,height;velocity;s_go,True,True,True,True,True,True,taem_dwell_reached,True,True,taem_success_latched;taem_reached_ever;taem_reached_event;taem_reached,False,close_pass_escape,True,5840,5842,6,True,True,
outputs\logging_audit_B5D_combined_input_stage\b5d_combined_008.csv,1,5827,global_t,height;velocity;s_go,True,True,True,True,True,True,taem_dwell_reached,True,True,taem_success_latched;taem_reached_ever;taem_reached_event;taem_reached,False,close_pass_escape,True,5819,5821,5,True,True,
outputs\logging_audit_B5D_combined_input_stage\b5d_combined_008.csv,2,5819,global_t,height;velocity;s_go,True,True,True,True,True,True,taem_dwell_reached,True,True,taem_success_latched;taem_reached_ever;taem_reached_event;taem_reached,False,close_pass_escape,True,5810,5812,5,True,True,
outputs\logging_audit_B5D_combined_input_stage\b5d_combined_009.csv,0,5862,global_t,height;velocity;s_go,True,True,True,True,True,True,taem_dwell_reached,True,True,taem_success_latched;taem_reached_ever;taem_reached_event;taem_reached,False,close_pass_escape,True,5854,5856,5,True,True,
outputs\logging_audit_B5D_combined_input_stage\b5d_combined_009.csv,1,5833,global_t,height;velocity;s_go,True,True,True,True,True,True,taem_dwell_reached,True,True,taem_success_latched;taem_reached_ever;taem_reached_event;taem_reached,False,close_pass_escape,True,5825,5827,5,True,True,
outputs\logging_audit_B5D_combined_input_stage\b5d_combined_009.csv,2,5804,global_t,height;velocity;s_go,True,True,True,True,True,True,taem_dwell_reached,True,True,taem_success_latched;taem_reached_ever;taem_reached_event;taem_reached,False,close_pass_escape,True,5796,5798,5,True,True,
outputs\logging_audit_B5D_combined_input_stage\b5d_combined_010.csv,0,5869,global_t,height;velocity;s_go,True,True,True,True,True,True,taem_dwell_reached,True,True,taem_success_latched;taem_reached_ever;taem_reached_event;taem_reached,False,close_pass_escape,True,5861,5863,5,True,True,
outputs\logging_audit_B5D_combined_input_stage\b5d_combined_010.csv,1,5832,global_t,height;velocity;s_go,True,True,True,True,True,True,taem_dwell_reached,True,True,taem_success_latched;taem_reached_ever;taem_reached_event;taem_reached,False,close_pass_escape,True,5823,5825,5,True,True,
outputs\logging_audit_B5D_combined_input_stage\b5d_combined_010.csv,2,5819,global_t,height;velocity;s_go,True,True,True,True,True,True,taem_dwell_reached,True,True,taem_success_latched;taem_reached_ever;taem_reached_event;taem_reached,False,close_pass_escape,True,5810,5812,5,True,True,
outputs\logging_audit_B5D_combined_input_stage\b5d_combined_011.csv,0,5852,global_t,height;velocity;s_go,True,True,True,True,True,True,taem_dwell_reached,True,True,taem_success_latched;taem_reached_ever;taem_reached_event;taem_reached,False,close_pass_escape,True,5844,5846,5,True,True,
outputs\logging_audit_B5D_combined_input_stage\b5d_combined_011.csv,1,5843,global_t,height;velocity;s_go,True,True,True,True,True,True,taem_dwell_reached,True,True,taem_success_latched;taem_reached_ever;taem_reached_event;taem_reached,False,close_pass_escape,True,5834,5836,5,True,True,
outputs\logging_audit_B5D_combined_input_stage\b5d_combined_011.csv,2,5812,global_t,height;velocity;s_go,True,True,True,True,True,True,taem_dwell_reached,True,True,taem_success_latched;taem_reached_ever;taem_reached_event;taem_reached,False,close_pass_escape,True,5803,5805,5,True,True,
outputs\logging_audit_B5D_combined_input_stage\b5d_combined_012.csv,0,5847,global_t,height;velocity;s_go,True,True,True,True,True,True,taem_dwell_reached,True,True,taem_success_latched;taem_reached_ever;taem_reached_event;taem_reached,False,close_pass_escape,True,5839,5841,5,True,True,
outputs\logging_audit_B5D_combined_input_stage\b5d_combined_012.csv,1,5842,global_t,height;velocity;s_go,True,True,True,True,True,True,taem_dwell_reached,True,True,taem_success_latched;taem_reached_ever;taem_reached_event;taem_reached,False,close_pass_escape,True,5834,5836,5,True,True,
outputs\logging_audit_B5D_combined_input_stage\b5d_combined_012.csv,2,5810,global_t,height;velocity;s_go,True,True,True,True,True,True,taem_dwell_reached,True,True,taem_success_latched;taem_reached_ever;taem_reached_event;taem_reached,False,close_pass_escape,True,5802,5804,5,True,True,
outputs\logging_audit_B5D_combined_input_stage\b5d_combined_013.csv,0,5865,global_t,height;velocity;s_go,True,True,True,True,True,True,taem_dwell_reached,True,True,taem_success_latched;taem_reached_ever;taem_reached_event;taem_reached,False,close_pass_escape,True,5857,5859,5,True,True,
outputs\logging_audit_B5D_combined_input_stage\b5d_combined_013.csv,1,5829,global_t,height;velocity;s_go,True,True,True,True,True,True,taem_dwell_reached,True,True,taem_success_latched;taem_reached_ever;taem_reached_event;taem_reached,False,close_pass_escape,True,5821,5823,5,True,True,
outputs\logging_audit_B5D_combined_input_stage\b5d_combined_013.csv,2,5815,global_t,height;velocity;s_go,True,True,True,True,True,True,taem_dwell_reached,True,True,taem_success_latched;taem_reached_ever;taem_reached_event;taem_reached,False,close_pass_escape,True,5806,5808,5,True,True,
outputs\logging_audit_B5D_combined_input_stage\b5d_combined_014.csv,0,5857,global_t,height;velocity;s_go,True,True,True,True,True,True,taem_dwell_reached,True,True,taem_success_latched;taem_reached_ever;taem_reached_event;taem_reached,False,close_pass_escape,True,5849,5851,5,True,True,
outputs\logging_audit_B5D_combined_input_stage\b5d_combined_014.csv,1,5832,global_t,height;velocity;s_go,True,True,True,True,True,True,taem_dwell_reached,True,True,taem_success_latched;taem_reached_ever;taem_reached_event;taem_reached,False,close_pass_escape,True,5824,5826,5,True,True,
outputs\logging_audit_B5D_combined_input_stage\b5d_combined_014.csv,2,5815,global_t,height;velocity;s_go,True,True,True,True,True,True,taem_dwell_reached,True,True,taem_success_latched;taem_reached_ever;taem_reached_event;taem_reached,False,close_pass_escape,True,5807,5809,5,True,True,
outputs\logging_audit_B5D_combined_input_stage\b5d_combined_015.csv,0,5839,global_t,height;velocity;s_go,True,True,True,True,True,True,taem_dwell_reached,True,True,taem_success_latched;taem_reached_ever;taem_reached_event;taem_reached,False,close_pass_escape,True,5831,5833,5,True,True,
outputs\logging_audit_B5D_combined_input_stage\b5d_combined_015.csv,1,5837,global_t,height;velocity;s_go,True,True,True,True,True,True,taem_dwell_reached,True,True,taem_success_latched;taem_reached_ever;taem_reached_event;taem_reached,False,close_pass_escape,True,5829,5831,5,True,True,
outputs\logging_audit_B5D_combined_input_stage\b5d_combined_015.csv,2,5819,global_t,height;velocity;s_go,True,True,True,True,True,True,taem_dwell_reached,True,True,taem_success_latched;taem_reached_ever;taem_reached_event;taem_reached,False,close_pass_escape,True,5811,5813,5,True,True,
outputs\logging_audit_B5D_combined_input_stage\b5d_combined_016.csv,0,5858,global_t,height;velocity;s_go,True,True,True,True,True,True,taem_dwell_reached,True,True,taem_success_latched;taem_reached_ever;taem_reached_event;taem_reached,False,close_pass_escape,True,5849,5851,5,True,True,
outputs\logging_audit_B5D_combined_input_stage\b5d_combined_016.csv,1,5839,global_t,height;velocity;s_go,True,True,True,True,True,True,taem_dwell_reached,True,True,taem_success_latched;taem_reached_ever;taem_reached_event;taem_reached,False,close_pass_escape,True,5830,5832,5,True,True,
outputs\logging_audit_B5D_combined_input_stage\b5d_combined_016.csv,2,5820,global_t,height;velocity;s_go,True,True,True,True,True,True,taem_dwell_reached,True,True,taem_success_latched;taem_reached_ever;taem_reached_event;taem_reached,False,close_pass_escape,True,5810,5812,5,True,True,
outputs\logging_audit_B5D_combined_input_stage\b5d_combined_017.csv,0,5855,global_t,height;velocity;s_go,True,True,True,True,True,True,taem_dwell_reached,True,True,taem_success_latched;taem_reached_ever;taem_reached_event;taem_reached,False,close_pass_escape,True,5847,5849,6,True,True,
outputs\logging_audit_B5D_combined_input_stage\b5d_combined_017.csv,1,5825,global_t,height;velocity;s_go,True,True,True,True,True,True,taem_dwell_reached,True,True,taem_success_latched;taem_reached_ever;taem_reached_event;taem_reached,False,close_pass_escape,True,5817,5819,6,True,True,
outputs\logging_audit_B5D_combined_input_stage\b5d_combined_017.csv,2,5803,global_t,height;velocity;s_go,True,True,True,True,True,True,taem_dwell_reached,True,True,taem_success_latched;taem_reached_ever;taem_reached_event;taem_reached,False,close_pass_escape,True,5795,5797,5,True,True,
outputs\logging_audit_B5D_combined_input_stage\b5d_combined_018.csv,0,5866,global_t,height;velocity;s_go,True,True,True,True,True,True,taem_dwell_reached,True,True,taem_success_latched;taem_reached_ever;taem_reached_event;taem_reached,False,close_pass_escape,True,5858,5860,5,True,True,
outputs\logging_audit_B5D_combined_input_stage\b5d_combined_018.csv,1,5836,global_t,height;velocity;s_go,True,True,True,True,True,True,taem_dwell_reached,True,True,taem_success_latched;taem_reached_ever;taem_reached_event;taem_reached,False,close_pass_escape,True,5828,5830,5,True,True,
outputs\logging_audit_B5D_combined_input_stage\b5d_combined_018.csv,2,5824,global_t,height;velocity;s_go,True,True,True,True,True,True,taem_dwell_reached,True,True,taem_success_latched;taem_reached_ever;taem_reached_event;taem_reached,False,close_pass_escape,True,5815,5817,5,True,True,
outputs\logging_audit_B5D_combined_input_stage\b5d_combined_019.csv,0,5857,global_t,height;velocity;s_go,True,True,True,True,True,True,taem_dwell_reached,True,True,taem_success_latched;taem_reached_ever;taem_reached_event;taem_reached,False,close_pass_escape,True,5849,5851,5,True,True,
outputs\logging_audit_B5D_combined_input_stage\b5d_combined_019.csv,1,5836,global_t,height;velocity;s_go,True,True,True,True,True,True,taem_dwell_reached,True,True,taem_success_latched;taem_reached_ever;taem_reached_event;taem_reached,False,close_pass_escape,True,5827,5829,5,True,True,
outputs\logging_audit_B5D_combined_input_stage\b5d_combined_019.csv,2,5820,global_t,height;velocity;s_go,True,True,True,True,True,True,taem_dwell_reached,True,True,taem_success_latched;taem_reached_ever;taem_reached_event;taem_reached,False,close_pass_escape,True,5811,5813,5,True,True,
outputs\logging_audit_B5D_combined_input_stage\b5d_combined_020.csv,0,5858,global_t,height;velocity;s_go,True,True,True,True,True,True,taem_dwell_reached,True,True,taem_success_latched;taem_reached_ever;taem_reached_event;taem_reached,False,close_pass_escape,True,5850,5852,5,True,True,
outputs\logging_audit_B5D_combined_input_stage\b5d_combined_020.csv,1,5829,global_t,height;velocity;s_go,True,True,True,True,True,True,taem_dwell_reached,True,True,taem_success_latched;taem_reached_ever;taem_reached_event;taem_reached,False,close_pass_escape,True,5821,5823,5,True,True,
outputs\logging_audit_B5D_combined_input_stage\b5d_combined_020.csv,2,5817,global_t,height;velocity;s_go,True,True,True,True,True,True,taem_dwell_reached,True,True,taem_success_latched;taem_reached_ever;taem_reached_event;taem_reached,False,close_pass_escape,True,5808,5810,5,True,True,
outputs\logging_audit_B5D_combined_input_stage\b5d_combined_021.csv,0,5910,global_t,height;velocity;s_go,True,True,True,True,True,True,close_pass_escape,False,False,taem_success_latched;taem_reached_ever;taem_reached_event;taem_reached,True,close_pass_escape,False,,,0,True,False,
outputs\logging_audit_B5D_combined_input_stage\b5d_combined_021.csv,1,5822,global_t,height;velocity;s_go,True,True,True,True,True,True,taem_dwell_reached,True,True,taem_success_latched;taem_reached_ever;taem_reached_event;taem_reached,False,close_pass_escape,True,5814,5816,5,True,True,
outputs\logging_audit_B5D_combined_input_stage\b5d_combined_021.csv,2,5805,global_t,height;velocity;s_go,True,True,True,True,True,True,taem_dwell_reached,True,True,taem_success_latched;taem_reached_ever;taem_reached_event;taem_reached,False,close_pass_escape,True,5797,5799,5,True,True,
outputs\logging_audit_B5D_combined_input_stage\b5d_combined_022.csv,0,5857,global_t,height;velocity;s_go,True,True,True,True,True,True,taem_dwell_reached,True,True,taem_success_latched;taem_reached_ever;taem_reached_event;taem_reached,False,close_pass_escape,True,5849,5851,6,True,True,
outputs\logging_audit_B5D_combined_input_stage\b5d_combined_022.csv,1,5830,global_t,height;velocity;s_go,True,True,True,True,True,True,taem_dwell_reached,True,True,taem_success_latched;taem_reached_ever;taem_reached_event;taem_reached,False,close_pass_escape,True,5822,5824,5,True,True,
outputs\logging_audit_B5D_combined_input_stage\b5d_combined_022.csv,2,5820,global_t,height;velocity;s_go,True,True,True,True,True,True,taem_dwell_reached,True,True,taem_success_latched;taem_reached_ever;taem_reached_event;taem_reached,False,close_pass_escape,True,5812,5814,5,True,True,
outputs\logging_audit_B5D_combined_input_stage\b5d_combined_023.csv,0,5858,global_t,height;velocity;s_go,True,True,True,True,True,True,taem_dwell_reached,True,True,taem_success_latched;taem_reached_ever;taem_reached_event;taem_reached,False,close_pass_escape,True,5850,5852,6,True,True,
outputs\logging_audit_B5D_combined_input_stage\b5d_combined_023.csv,1,5829,global_t,height;velocity;s_go,True,True,True,True,True,True,taem_dwell_reached,True,True,taem_success_latched;taem_reached_ever;taem_reached_event;taem_reached,False,close_pass_escape,True,5822,5824,5,True,True,
outputs\logging_audit_B5D_combined_input_stage\b5d_combined_023.csv,2,5817,global_t,height;velocity;s_go,True,True,True,True,True,True,taem_dwell_reached,True,True,taem_success_latched;taem_reached_ever;taem_reached_event;taem_reached,False,close_pass_escape,True,5809,5811,6,True,True,
outputs\logging_audit_B5D_combined_input_stage\b5d_combined_024.csv,0,5843,global_t,height;velocity;s_go,True,True,True,True,True,True,taem_dwell_reached,True,True,taem_success_latched;taem_reached_ever;taem_reached_event;taem_reached,False,close_pass_escape,True,5835,5837,5,True,True,
outputs\logging_audit_B5D_combined_input_stage\b5d_combined_024.csv,1,5834,global_t,height;velocity;s_go,True,True,True,True,True,True,taem_dwell_reached,True,True,taem_success_latched;taem_reached_ever;taem_reached_event;taem_reached,False,close_pass_escape,True,5826,5828,5,True,True,
outputs\logging_audit_B5D_combined_input_stage\b5d_combined_024.csv,2,5803,global_t,height;velocity;s_go,True,True,True,True,True,True,taem_dwell_reached,True,True,taem_success_latched;taem_reached_ever;taem_reached_event;taem_reached,False,close_pass_escape,True,5795,5797,5,True,True,
outputs\logging_audit_B5D_combined_input_stage\b5d_combined_025.csv,0,5849,global_t,height;velocity;s_go,True,True,True,True,True,True,taem_dwell_reached,True,True,taem_success_latched;taem_reached_ever;taem_reached_event;taem_reached,False,close_pass_escape,True,5841,5843,6,True,True,
outputs\logging_audit_B5D_combined_input_stage\b5d_combined_025.csv,1,5837,global_t,height;velocity;s_go,True,True,True,True,True,True,taem_dwell_reached,True,True,taem_success_latched;taem_reached_ever;taem_reached_event;taem_reached,False,close_pass_escape,True,5829,5831,6,True,True,
outputs\logging_audit_B5D_combined_input_stage\b5d_combined_025.csv,2,5812,global_t,height;velocity;s_go,True,True,True,True,True,True,taem_dwell_reached,True,True,taem_success_latched;taem_reached_ever;taem_reached_event;taem_reached,False,close_pass_escape,True,5804,5806,5,True,True,
outputs\logging_audit_B5D_combined_input_stage\b5d_combined_026.csv,0,5856,global_t,height;velocity;s_go,True,True,True,True,True,True,taem_dwell_reached,True,True,taem_success_latched;taem_reached_ever;taem_reached_event;taem_reached,False,close_pass_escape,True,5848,5850,6,True,True,
outputs\logging_audit_B5D_combined_input_stage\b5d_combined_026.csv,1,5840,global_t,height;velocity;s_go,True,True,True,True,True,True,taem_dwell_reached,True,True,taem_success_latched;taem_reached_ever;taem_reached_event;taem_reached,False,close_pass_escape,True,5832,5834,5,True,True,
outputs\logging_audit_B5D_combined_input_stage\b5d_combined_026.csv,2,5822,global_t,height;velocity;s_go,True,True,True,True,True,True,taem_dwell_reached,True,True,taem_success_latched;taem_reached_ever;taem_reached_event;taem_reached,False,close_pass_escape,True,5814,5816,5,True,True,
outputs\logging_audit_B5D_combined_input_stage\b5d_combined_027.csv,0,5851,global_t,height;velocity;s_go,True,True,True,True,True,True,taem_dwell_reached,True,True,taem_success_latched;taem_reached_ever;taem_reached_event;taem_reached,False,close_pass_escape,True,5843,5845,5,True,True,
outputs\logging_audit_B5D_combined_input_stage\b5d_combined_027.csv,1,5829,global_t,height;velocity;s_go,True,True,True,True,True,True,taem_dwell_reached,True,True,taem_success_latched;taem_reached_ever;taem_reached_event;taem_reached,False,close_pass_escape,True,5820,5822,5,True,True,
outputs\logging_audit_B5D_combined_input_stage\b5d_combined_027.csv,2,5805,global_t,height;velocity;s_go,True,True,True,True,True,True,taem_dwell_reached,True,True,taem_success_latched;taem_reached_ever;taem_reached_event;taem_reached,False,close_pass_escape,True,5796,5798,5,True,True,
outputs\logging_audit_B5D_combined_input_stage\b5d_combined_028.csv,0,5857,global_t,height;velocity;s_go,True,True,True,True,True,True,taem_dwell_reached,True,True,taem_success_latched;taem_reached_ever;taem_reached_event;taem_reached,False,close_pass_escape,True,5849,5851,6,True,True,
outputs\logging_audit_B5D_combined_input_stage\b5d_combined_028.csv,1,5834,global_t,height;velocity;s_go,True,True,True,True,True,True,taem_dwell_reached,True,True,taem_success_latched;taem_reached_ever;taem_reached_event;taem_reached,False,close_pass_escape,True,5826,5828,5,True,True,
outputs\logging_audit_B5D_combined_input_stage\b5d_combined_028.csv,2,5824,global_t,height;velocity;s_go,True,True,True,True,True,True,taem_dwell_reached,True,True,taem_success_latched;taem_reached_ever;taem_reached_event;taem_reached,False,close_pass_escape,True,5816,5818,5,True,True,
outputs\logging_audit_B5D_combined_input_stage\b5d_combined_029.csv,0,5849,global_t,height;velocity;s_go,True,True,True,True,True,True,taem_dwell_reached,True,True,taem_success_latched;taem_reached_ever;taem_reached_event;taem_reached,False,close_pass_escape,True,5841,5843,6,True,True,
outputs\logging_audit_B5D_combined_input_stage\b5d_combined_029.csv,1,5826,global_t,height;velocity;s_go,True,True,True,True,True,True,taem_dwell_reached,True,True,taem_success_latched;taem_reached_ever;taem_reached_event;taem_reached,False,close_pass_escape,True,5817,5819,6,True,True,
outputs\logging_audit_B5D_combined_input_stage\b5d_combined_029.csv,2,5810,global_t,height;velocity;s_go,True,True,True,True,True,True,taem_dwell_reached,True,True,taem_success_latched;taem_reached_ever;taem_reached_event;taem_reached,False,close_pass_escape,True,5802,5804,5,True,True,
outputs\logging_audit_B5D_combined_input_stage\b5d_combined_030.csv,0,5855,global_t,height;velocity;s_go,True,True,True,True,True,True,taem_dwell_reached,True,True,taem_success_latched;taem_reached_ever;taem_reached_event;taem_reached,False,close_pass_escape,True,5846,5848,5,True,True,
outputs\logging_audit_B5D_combined_input_stage\b5d_combined_030.csv,1,5823,global_t,height;velocity;s_go,True,True,True,True,True,True,taem_dwell_reached,True,True,taem_success_latched;taem_reached_ever;taem_reached_event;taem_reached,False,close_pass_escape,True,5814,5816,5,True,True,
outputs\logging_audit_B5D_combined_input_stage\b5d_combined_030.csv,2,5809,global_t,height;velocity;s_go,True,True,True,True,True,True,taem_dwell_reached,True,True,taem_success_latched;taem_reached_ever;taem_reached_event;taem_reached,False,close_pass_escape,True,5800,5802,5,True,True,
outputs\logging_audit_B5D_combined_input_stage\b5d_combined_031.csv,0,5852,global_t,height;velocity;s_go,True,True,True,True,True,True,taem_dwell_reached,True,True,taem_success_latched;taem_reached_ever;taem_reached_event;taem_reached,False,close_pass_escape,True,5844,5846,5,True,True,
outputs\logging_audit_B5D_combined_input_stage\b5d_combined_031.csv,1,5834,global_t,height;velocity;s_go,True,True,True,True,True,True,taem_dwell_reached,True,True,taem_success_latched;taem_reached_ever;taem_reached_event;taem_reached,False,close_pass_escape,True,5825,5827,5,True,True,
outputs\logging_audit_B5D_combined_input_stage\b5d_combined_031.csv,2,5812,global_t,height;velocity;s_go,True,True,True,True,True,True,taem_dwell_reached,True,True,taem_success_latched;taem_reached_ever;taem_reached_event;taem_reached,False,close_pass_escape,True,5804,5806,5,True,True,
outputs\logging_audit_B5D_combined_input_stage\b5d_combined_032.csv,0,5839,global_t,height;velocity;s_go,True,True,True,True,True,True,taem_dwell_reached,True,True,taem_success_latched;taem_reached_ever;taem_reached_event;taem_reached,False,close_pass_escape,True,5831,5833,5,True,True,
outputs\logging_audit_B5D_combined_input_stage\b5d_combined_032.csv,1,5832,global_t,height;velocity;s_go,True,True,True,True,True,True,taem_dwell_reached,True,True,taem_success_latched;taem_reached_ever;taem_reached_event;taem_reached,False,close_pass_escape,True,5823,5825,5,True,True,
outputs\logging_audit_B5D_combined_input_stage\b5d_combined_032.csv,2,5808,global_t,height;velocity;s_go,True,True,True,True,True,True,taem_dwell_reached,True,True,taem_success_latched;taem_reached_ever;taem_reached_event;taem_reached,False,close_pass_escape,True,5800,5802,4,True,True,
outputs\logging_audit_B5D_combined_input_stage\b5d_combined_033.csv,0,5851,global_t,height;velocity;s_go,True,True,True,True,True,True,taem_dwell_reached,True,True,taem_success_latched;taem_reached_ever;taem_reached_event;taem_reached,False,close_pass_escape,True,5843,5845,6,True,True,
outputs\logging_audit_B5D_combined_input_stage\b5d_combined_033.csv,1,5828,global_t,height;velocity;s_go,True,True,True,True,True,True,taem_dwell_reached,True,True,taem_success_latched;taem_reached_ever;taem_reached_event;taem_reached,False,close_pass_escape,True,5820,5822,6,True,True,
outputs\logging_audit_B5D_combined_input_stage\b5d_combined_033.csv,2,5808,global_t,height;velocity;s_go,True,True,True,True,True,True,taem_dwell_reached,True,True,taem_success_latched;taem_reached_ever;taem_reached_event;taem_reached,False,close_pass_escape,True,5800,5802,5,True,True,
outputs\logging_audit_B5D_combined_input_stage\b5d_combined_034.csv,0,5859,global_t,height;velocity;s_go,True,True,True,True,True,True,taem_dwell_reached,True,True,taem_success_latched;taem_reached_ever;taem_reached_event;taem_reached,False,close_pass_escape,True,5851,5853,5,True,True,
outputs\logging_audit_B5D_combined_input_stage\b5d_combined_034.csv,1,5829,global_t,height;velocity;s_go,True,True,True,True,True,True,taem_dwell_reached,True,True,taem_success_latched;taem_reached_ever;taem_reached_event;taem_reached,False,close_pass_escape,True,5821,5823,5,True,True,
outputs\logging_audit_B5D_combined_input_stage\b5d_combined_034.csv,2,5817,global_t,height;velocity;s_go,True,True,True,True,True,True,taem_dwell_reached,True,True,taem_success_latched;taem_reached_ever;taem_reached_event;taem_reached,False,close_pass_escape,True,5808,5810,5,True,True,
outputs\logging_audit_B5D_combined_input_stage\b5d_combined_035.csv,0,5858,global_t,height;velocity;s_go,True,True,True,True,True,True,taem_dwell_reached,True,True,taem_success_latched;taem_reached_ever;taem_reached_event;taem_reached,False,close_pass_escape,True,5850,5852,6,True,True,
outputs\logging_audit_B5D_combined_input_stage\b5d_combined_035.csv,1,5829,global_t,height;velocity;s_go,True,True,True,True,True,True,taem_dwell_reached,True,True,taem_success_latched;taem_reached_ever;taem_reached_event;taem_reached,False,close_pass_escape,True,5821,5823,6,True,True,
outputs\logging_audit_B5D_combined_input_stage\b5d_combined_035.csv,2,5809,global_t,height;velocity;s_go,True,True,True,True,True,True,taem_dwell_reached,True,True,taem_success_latched;taem_reached_ever;taem_reached_event;taem_reached,False,close_pass_escape,True,5801,5803,5,True,True,
outputs\logging_audit_B5D_combined_input_stage\b5d_combined_036.csv,0,5857,global_t,height;velocity;s_go,True,True,True,True,True,True,taem_dwell_reached,True,True,taem_success_latched;taem_reached_ever;taem_reached_event;taem_reached,False,close_pass_escape,True,5849,5851,6,True,True,
outputs\logging_audit_B5D_combined_input_stage\b5d_combined_036.csv,1,5820,global_t,height;velocity;s_go,True,True,True,True,True,True,taem_dwell_reached,True,True,taem_success_latched;taem_reached_ever;taem_reached_event;taem_reached,False,close_pass_escape,True,5812,5814,5,True,True,
outputs\logging_audit_B5D_combined_input_stage\b5d_combined_036.csv,2,5829,global_t,height;velocity;s_go,True,True,True,True,True,True,taem_dwell_reached,True,True,taem_success_latched;taem_reached_ever;taem_reached_event;taem_reached,False,close_pass_escape,True,5821,5823,5,True,True,
outputs\logging_audit_B5D_combined_input_stage\b5d_combined_037.csv,0,5858,global_t,height;velocity;s_go,True,True,True,True,True,True,taem_dwell_reached,True,True,taem_success_latched;taem_reached_ever;taem_reached_event;taem_reached,False,close_pass_escape,True,5850,5852,6,True,True,
outputs\logging_audit_B5D_combined_input_stage\b5d_combined_037.csv,1,5835,global_t,height;velocity;s_go,True,True,True,True,True,True,taem_dwell_reached,True,True,taem_success_latched;taem_reached_ever;taem_reached_event;taem_reached,False,close_pass_escape,True,5826,5828,6,True,True,
outputs\logging_audit_B5D_combined_input_stage\b5d_combined_037.csv,2,5823,global_t,height;velocity;s_go,True,True,True,True,True,True,taem_dwell_reached,True,True,taem_success_latched;taem_reached_ever;taem_reached_event;taem_reached,False,close_pass_escape,True,5815,5817,5,True,True,
outputs\logging_audit_B5D_combined_input_stage\b5d_combined_038.csv,0,5859,global_t,height;velocity;s_go,True,True,True,True,True,True,taem_dwell_reached,True,True,taem_success_latched;taem_reached_ever;taem_reached_event;taem_reached,False,close_pass_escape,True,5851,5853,5,True,True,
outputs\logging_audit_B5D_combined_input_stage\b5d_combined_038.csv,1,5844,global_t,height;velocity;s_go,True,True,True,True,True,True,taem_dwell_reached,True,True,taem_success_latched;taem_reached_ever;taem_reached_event;taem_reached,False,close_pass_escape,True,5836,5838,5,True,True,
outputs\logging_audit_B5D_combined_input_stage\b5d_combined_038.csv,2,5814,global_t,height;velocity;s_go,True,True,True,True,True,True,taem_dwell_reached,True,True,taem_success_latched;taem_reached_ever;taem_reached_event;taem_reached,False,close_pass_escape,True,5805,5807,5,True,True,
outputs\logging_audit_B5D_combined_input_stage\b5d_combined_039.csv,0,5860,global_t,height;velocity;s_go,True,True,True,True,True,True,taem_dwell_reached,True,True,taem_success_latched;taem_reached_ever;taem_reached_event;taem_reached,False,close_pass_escape,True,5851,5853,6,True,True,
outputs\logging_audit_B5D_combined_input_stage\b5d_combined_039.csv,1,5843,global_t,height;velocity;s_go,True,True,True,True,True,True,taem_dwell_reached,True,True,taem_success_latched;taem_reached_ever;taem_reached_event;taem_reached,False,close_pass_escape,True,5835,5837,5,True,True,
outputs\logging_audit_B5D_combined_input_stage\b5d_combined_039.csv,2,5805,global_t,height;velocity;s_go,True,True,True,True,True,True,taem_dwell_reached,True,True,taem_success_latched;taem_reached_ever;taem_reached_event;taem_reached,False,close_pass_escape,True,5797,5799,4,True,True,
outputs\logging_audit_B5D_combined_input_stage\b5d_combined_040.csv,0,5851,global_t,height;velocity;s_go,True,True,True,True,True,True,taem_dwell_reached,True,True,taem_success_latched;taem_reached_ever;taem_reached_event;taem_reached,False,close_pass_escape,True,5842,5844,6,True,True,
outputs\logging_audit_B5D_combined_input_stage\b5d_combined_040.csv,1,5839,global_t,height;velocity;s_go,True,True,True,True,True,True,taem_dwell_reached,True,True,taem_success_latched;taem_reached_ever;taem_reached_event;taem_reached,False,close_pass_escape,True,5831,5833,5,True,True,
outputs\logging_audit_B5D_combined_input_stage\b5d_combined_040.csv,2,5809,global_t,height;velocity;s_go,True,True,True,True,True,True,taem_dwell_reached,True,True,taem_success_latched;taem_reached_ever;taem_reached_event;taem_reached,False,close_pass_escape,True,5800,5802,5,True,True,
outputs\logging_audit_B5D_combined_input_stage\b5d_combined_041.csv,0,5867,global_t,height;velocity;s_go,True,True,True,True,True,True,taem_dwell_reached,True,True,taem_success_latched;taem_reached_ever;taem_reached_event;taem_reached,False,close_pass_escape,True,5859,5861,5,True,True,
outputs\logging_audit_B5D_combined_input_stage\b5d_combined_041.csv,1,5833,global_t,height;velocity;s_go,True,True,True,True,True,True,taem_dwell_reached,True,True,taem_success_latched;taem_reached_ever;taem_reached_event;taem_reached,False,close_pass_escape,True,5825,5827,5,True,True,
outputs\logging_audit_B5D_combined_input_stage\b5d_combined_041.csv,2,5814,global_t,height;velocity;s_go,True,True,True,True,True,True,taem_dwell_reached,True,True,taem_success_latched;taem_reached_ever;taem_reached_event;taem_reached,False,close_pass_escape,True,5806,5808,5,True,True,
outputs\logging_audit_B5D_combined_input_stage\b5d_combined_042.csv,0,5849,global_t,height;velocity;s_go,True,True,True,True,True,True,taem_dwell_reached,True,True,taem_success_latched;taem_reached_ever;taem_reached_event;taem_reached,False,close_pass_escape,True,5841,5843,6,True,True,
outputs\logging_audit_B5D_combined_input_stage\b5d_combined_042.csv,1,5834,global_t,height;velocity;s_go,True,True,True,True,True,True,taem_dwell_reached,True,True,taem_success_latched;taem_reached_ever;taem_reached_event;taem_reached,False,close_pass_escape,True,5826,5828,5,True,True,
outputs\logging_audit_B5D_combined_input_stage\b5d_combined_042.csv,2,5816,global_t,height;velocity;s_go,True,True,True,True,True,True,taem_dwell_reached,True,True,taem_success_latched;taem_reached_ever;taem_reached_event;taem_reached,False,close_pass_escape,True,5808,5810,5,True,True,
outputs\logging_audit_B5D_combined_input_stage\b5d_combined_043.csv,0,5851,global_t,height;velocity;s_go,True,True,True,True,True,True,taem_dwell_reached,True,True,taem_success_latched;taem_reached_ever;taem_reached_event;taem_reached,False,close_pass_escape,True,5842,5844,6,True,True,
outputs\logging_audit_B5D_combined_input_stage\b5d_combined_043.csv,1,5830,global_t,height;velocity;s_go,True,True,True,True,True,True,taem_dwell_reached,True,True,taem_success_latched;taem_reached_ever;taem_reached_event;taem_reached,False,close_pass_escape,True,5822,5824,5,True,True,
outputs\logging_audit_B5D_combined_input_stage\b5d_combined_043.csv,2,5821,global_t,height;velocity;s_go,True,True,True,True,True,True,taem_dwell_reached,True,True,taem_success_latched;taem_reached_ever;taem_reached_event;taem_reached,False,close_pass_escape,True,5813,5815,4,True,True,
outputs\logging_audit_B5D_combined_input_stage\b5d_combined_044.csv,0,5847,global_t,height;velocity;s_go,True,True,True,True,True,True,taem_dwell_reached,True,True,taem_success_latched;taem_reached_ever;taem_reached_event;taem_reached,False,close_pass_escape,True,5839,5841,5,True,True,
outputs\logging_audit_B5D_combined_input_stage\b5d_combined_044.csv,1,5848,global_t,height;velocity;s_go,True,True,True,True,True,True,taem_dwell_reached,True,True,taem_success_latched;taem_reached_ever;taem_reached_event;taem_reached,False,close_pass_escape,True,5839,5841,5,True,True,
outputs\logging_audit_B5D_combined_input_stage\b5d_combined_044.csv,2,5814,global_t,height;velocity;s_go,True,True,True,True,True,True,taem_dwell_reached,True,True,taem_success_latched;taem_reached_ever;taem_reached_event;taem_reached,False,close_pass_escape,True,5805,5807,5,True,True,
outputs\logging_audit_B5D_combined_input_stage\b5d_combined_045.csv,0,5853,global_t,height;velocity;s_go,True,True,True,True,True,True,taem_dwell_reached,True,True,taem_success_latched;taem_reached_ever;taem_reached_event;taem_reached,False,close_pass_escape,True,5845,5847,6,True,True,
outputs\logging_audit_B5D_combined_input_stage\b5d_combined_045.csv,1,5823,global_t,height;velocity;s_go,True,True,True,True,True,True,taem_dwell_reached,True,True,taem_success_latched;taem_reached_ever;taem_reached_event;taem_reached,False,close_pass_escape,True,5815,5817,5,True,True,
outputs\logging_audit_B5D_combined_input_stage\b5d_combined_045.csv,2,5812,global_t,height;velocity;s_go,True,True,True,True,True,True,taem_dwell_reached,True,True,taem_success_latched;taem_reached_ever;taem_reached_event;taem_reached,False,close_pass_escape,True,5803,5805,6,True,True,
outputs\logging_audit_B5D_combined_input_stage\b5d_combined_046.csv,0,5861,global_t,height;velocity;s_go,True,True,True,True,True,True,taem_dwell_reached,True,True,taem_success_latched;taem_reached_ever;taem_reached_event;taem_reached,False,close_pass_escape,True,5853,5855,5,True,True,
outputs\logging_audit_B5D_combined_input_stage\b5d_combined_046.csv,1,5831,global_t,height;velocity;s_go,True,True,True,True,True,True,taem_dwell_reached,True,True,taem_success_latched;taem_reached_ever;taem_reached_event;taem_reached,False,close_pass_escape,True,5823,5825,5,True,True,
outputs\logging_audit_B5D_combined_input_stage\b5d_combined_046.csv,2,5811,global_t,height;velocity;s_go,True,True,True,True,True,True,taem_dwell_reached,True,True,taem_success_latched;taem_reached_ever;taem_reached_event;taem_reached,False,close_pass_escape,True,5803,5805,5,True,True,
outputs\logging_audit_B5D_combined_input_stage\b5d_combined_047.csv,0,5854,global_t,height;velocity;s_go,True,True,True,True,True,True,taem_dwell_reached,True,True,taem_success_latched;taem_reached_ever;taem_reached_event;taem_reached,False,close_pass_escape,True,5846,5848,5,True,True,
outputs\logging_audit_B5D_combined_input_stage\b5d_combined_047.csv,1,5821,global_t,height;velocity;s_go,True,True,True,True,True,True,taem_dwell_reached,True,True,taem_success_latched;taem_reached_ever;taem_reached_event;taem_reached,False,close_pass_escape,True,5813,5815,5,True,True,
outputs\logging_audit_B5D_combined_input_stage\b5d_combined_047.csv,2,5814,global_t,height;velocity;s_go,True,True,True,True,True,True,taem_dwell_reached,True,True,taem_success_latched;taem_reached_ever;taem_reached_event;taem_reached,False,close_pass_escape,True,5806,5808,5,True,True,
outputs\logging_audit_B5D_combined_input_stage\b5d_combined_048.csv,0,5846,global_t,height;velocity;s_go,True,True,True,True,True,True,taem_dwell_reached,True,True,taem_success_latched;taem_reached_ever;taem_reached_event;taem_reached,False,close_pass_escape,True,5837,5839,5,True,True,
outputs\logging_audit_B5D_combined_input_stage\b5d_combined_048.csv,1,5836,global_t,height;velocity;s_go,True,True,True,True,True,True,taem_dwell_reached,True,True,taem_success_latched;taem_reached_ever;taem_reached_event;taem_reached,False,close_pass_escape,True,5827,5829,5,True,True,
outputs\logging_audit_B5D_combined_input_stage\b5d_combined_048.csv,2,5819,global_t,height;velocity;s_go,True,True,True,True,True,True,taem_dwell_reached,True,True,taem_success_latched;taem_reached_ever;taem_reached_event;taem_reached,False,close_pass_escape,True,5810,5812,5,True,True,
outputs\logging_audit_B5D_combined_input_stage\b5d_combined_049.csv,0,5847,global_t,height;velocity;s_go,True,True,True,True,True,True,taem_dwell_reached,True,True,taem_success_latched;taem_reached_ever;taem_reached_event;taem_reached,False,close_pass_escape,True,5839,5841,5,True,True,
outputs\logging_audit_B5D_combined_input_stage\b5d_combined_049.csv,1,5840,global_t,height;velocity;s_go,True,True,True,True,True,True,taem_dwell_reached,True,True,taem_success_latched;taem_reached_ever;taem_reached_event;taem_reached,False,close_pass_escape,True,5831,5833,5,True,True,
outputs\logging_audit_B5D_combined_input_stage\b5d_combined_049.csv,2,5813,global_t,height;velocity;s_go,True,True,True,True,True,True,taem_dwell_reached,True,True,taem_success_latched;taem_reached_ever;taem_reached_event;taem_reached,False,close_pass_escape,True,5805,5807,5,True,True,
outputs\logging_audit_B5D_combined_input_stage\b5d_combined_050.csv,0,5865,global_t,height;velocity;s_go,True,True,True,True,True,True,taem_dwell_reached,True,True,taem_success_latched;taem_reached_ever;taem_reached_event;taem_reached,False,close_pass_escape,True,5856,5858,5,True,True,
outputs\logging_audit_B5D_combined_input_stage\b5d_combined_050.csv,1,5829,global_t,height;velocity;s_go,True,True,True,True,True,True,taem_dwell_reached,True,True,taem_success_latched;taem_reached_ever;taem_reached_event;taem_reached,False,close_pass_escape,True,5820,5822,5,True,True,
outputs\logging_audit_B5D_combined_input_stage\b5d_combined_050.csv,2,5827,global_t,height;velocity;s_go,True,True,True,True,True,True,taem_dwell_reached,True,True,taem_success_latched;taem_reached_ever;taem_reached_event;taem_reached,False,close_pass_escape,True,5818,5820,4,True,True,
