csv,vehicle_id,vehicle_sort,vehicle_role,event_time_s,abs_delta_psi_deg,abs_gamma_deg
b5c000_hp173p144_vm1p127_combined.csv,0,0,Vehicle~1,2139.331000000203,0.30368731826225764,3.162408105397756
b5c001_hp407p878_vp3p750_combined.csv,0,0,Vehicle~1,2135.290000000204,0.38444488629136897,3.055188212264447
b5c002_hp150p213_vm1p197_combined.csv,0,0,Vehicle~1,2139.3960000002035,0.2991339357565275,3.1684890268960824
b5c003_hp281p755_vp6p735_combined.csv,0,0,Vehicle~1,2134.0920000002056,0.4171390644646603,3.0055955845991766
b5c004_hp106p199_vp8p290_combined.csv,0,0,Vehicle~1,2133.412000000205,0.4849132485794375,2.9458437068915546
b5c005_hp157p702_vp5p565_combined.csv,0,0,Vehicle~1,2134.2350000002043,0.40215132708687357,3.000430865920767
b5c006_hp262p371_vm3p022_combined.csv,0,0,Vehicle~1,2140.366000000204,0.2757910009971195,3.185772341692142
b5c007_hp278p652_vm0p283_combined.csv,0,0,Vehicle~1,2138.695000000202,0.336531452278185,3.124802378238601
b5c008_hp76p236_vm1p050_combined.csv,0,0,Vehicle~1,2139.374000000203,0.29932402360572324,3.1682511739769463
b5c009_hp463p922_vp3p164_combined.csv,0,0,Vehicle~1,2135.8530000002047,0.39188717421117414,3.052991226579386
b5c010_hp59p976_vp4p029_combined.csv,0,0,Vehicle~1,2135.3410000002045,0.352578024573033,3.057622276333714
b5c011_hp349p694_vm0p101_combined.csv,0,0,Vehicle~1,2138.0990000002034,0.2928209959920046,3.1519495902210566
b5c012_hp14p700_vp1p086_combined.csv,0,0,Vehicle~1,2137.775000000204,0.3144558562385873,3.1378801048851117
b5c013_hp141p172_vp0p854_combined.csv,0,0,Vehicle~1,2137.767000000202,0.3130879605267198,3.1396495079294895
b5c014_hp190p148_vm1p949_combined.csv,0,0,Vehicle~1,2139.6570000002025,0.2607317572251797,3.19525606236167
b5c015_hp468p756_vp8p881_combined.csv,0,0,Vehicle~1,2132.071000000203,0.4381939636479689,2.950108517812196
b5c016_hp86p233_vm5p063_combined.csv,0,0,Vehicle~1,2141.158000000205,0.2644953642693773,3.21309212761797
b5c017_hp492p240_vp1p120_combined.csv,0,0,Vehicle~1,2137.308000000204,0.3549734407261988,3.116903630195728
b5c018_hp343p939_vp1p764_combined.csv,0,0,Vehicle~1,2136.975000000204,0.3520092359384383,3.0897052447899958
b5c019_hp61p117_vp1p056_combined.csv,0,0,Vehicle~1,2137.642000000203,0.31577515476040996,3.1253742510035996
b5c021_hp9p864_vp0p067_combined.csv,0,0,Vehicle~1,2137.857000000204,0.36847571653912176,3.05848349620651
b5c022_hp44p606_vm9p298_combined.csv,0,0,Vehicle~1,2144.4010000002045,0.22986279298800374,3.2765692010263456
b5c023_hp48p334_vp0p483_combined.csv,0,0,Vehicle~1,2138.0770000002044,0.2930085752710638,3.1521424060225254
b5c024_hp316p252_vm5p690_combined.csv,0,0,Vehicle~1,2141.305000000206,0.2630443464457453,3.215625048112752
b5c025_hp457p541_vm6p362_combined.csv,0,0,Vehicle~1,2141.960000000203,0.26451902199861255,3.2272333666684054
b5c026_hp216p564_vp2p798_combined.csv,0,0,Vehicle~1,2136.285000000205,0.3586903661105337,3.0797823232252535
b5c027_hp312p051_vm5p900_combined.csv,0,0,Vehicle~1,2141.475000000204,0.25887627890649595,3.227806577813527
b5c028_hp98p422_vm4p869_combined.csv,0,0,Vehicle~1,2141.026000000203,0.2683886342034631,3.2052984684937402
b5c029_hp283p266_vp6p772_combined.csv,0,0,Vehicle~1,2134.471000000204,0.4468097514862449,3.0300105627717526
b5c030_hp86p638_vm0p242_combined.csv,0,0,Vehicle~1,2138.671000000204,0.29373030264318034,3.1563718782487684
b5c031_hp110p319_vp5p597_combined.csv,0,0,Vehicle~1,2134.266000000204,0.3997112344588129,3.003934145514232
b5c032_hp197p674_vm6p911_combined.csv,0,0,Vehicle~1,2142.783000000205,0.2660256717929566,3.2412991790894363
b5c033_hp336p292_vp0p794_combined.csv,0,0,Vehicle~1,2137.4810000002053,0.32148343147502745,3.118022922830048
b5c034_hp332p074_vm5p639_combined.csv,0,0,Vehicle~1,2141.2510000002057,0.26328690348029127,3.21463301851892
b5c035_hp132p429_vm3p567_combined.csv,0,0,Vehicle~1,2140.2510000002053,0.2984846431091917,3.1731285199833077
b5c036_hp421p940_vm4p196_combined.csv,0,0,Vehicle~1,2140.270000000206,0.2949211575992324,3.177944680067512
b5c037_hp344p441_vp2p572_combined.csv,0,0,Vehicle~1,2136.239000000204,0.35779732888664656,3.082047227681861
b5c038_hp335p499_vm1p147_combined.csv,0,0,Vehicle~1,2138.949000000202,0.27997525063944645,3.1735408243724064
b5c039_hp377p603_vm0p371_combined.csv,0,0,Vehicle~1,2138.283000000204,0.3122843547133196,3.113226238543204
b5c040_hp129p630_vm0p019_combined.csv,0,0,Vehicle~1,2138.587000000205,0.3146043178820531,3.161519547770106
b5c041_hp343p214_vm7p616_combined.csv,0,0,Vehicle~1,2143.3390000002046,0.27604721044140007,3.226527085786216
b5c042_hp365p116_vp0p190_combined.csv,0,0,Vehicle~1,2137.986000000204,0.3224678838038168,3.142734362740057
b5c043_hp452p043_vp0p481_combined.csv,0,0,Vehicle~1,2137.550000000204,0.3205364748054241,3.1192842002017036
b5c044_hp440p893_vm6p434_combined.csv,0,0,Vehicle~1,2141.588000000204,0.2381537535656742,3.2291237456697717
b5c045_hp67p020_vm0p134_combined.csv,0,0,Vehicle~1,2138.482000000203,0.2824282732847484,3.1718175700835536
b5c046_hp1p809_vm0p086_combined.csv,0,0,Vehicle~1,2138.6910000002035,0.2925437067842709,3.157857553464552
b5c047_hp52p723_vp6p654_combined.csv,0,0,Vehicle~1,2134.5340000002034,0.4057967287503075,3.031984842537947
b5c048_hp380p801_vm0p950_combined.csv,0,0,Vehicle~1,2138.6480000002057,0.27905518172334076,3.174595925229065
b5c049_hp64p217_vp6p242_combined.csv,0,0,Vehicle~1,2135.0300000002044,0.4132894033590365,3.0278985885221728
b5c000_hp173p144_vm1p127_combined.csv,1,1,Vehicle~2,2132.392000000204,0.3148032694828145,3.0980568332855842
b5c001_hp407p878_vp3p750_combined.csv,1,1,Vehicle~2,2129.3890000002016,0.40387311734424547,3.0036824775793436
b5c002_hp150p213_vm1p197_combined.csv,1,1,Vehicle~2,2132.6400000002027,0.32993197525298273,3.0748228343406323
b5c003_hp281p755_vp6p735_combined.csv,1,1,Vehicle~2,2127.2630000002027,0.5051613304040266,2.9112155446429933
b5c004_hp106p199_vp8p290_combined.csv,1,1,Vehicle~2,2126.266000000203,0.5141313605071838,2.8718071413535755
b5c005_hp157p702_vp5p565_combined.csv,1,1,Vehicle~2,2128.3250000002054,0.446373041816027,2.962543778952895
b5c006_hp262p371_vm3p022_combined.csv,1,1,Vehicle~2,2134.2810000002028,0.33987203041065933,3.122398199457517
b5c007_hp278p652_vm0p283_combined.csv,1,1,Vehicle~2,2131.9410000002026,0.35519857285768686,3.058210087048109
b5c008_hp76p236_vm1p050_combined.csv,1,1,Vehicle~2,2132.6220000002018,0.330295069222505,3.074368568698093
b5c009_hp463p922_vp3p164_combined.csv,1,1,Vehicle~2,2129.8580000002053,0.4253635655561636,2.992430565313208
b5c010_hp59p976_vp4p029_combined.csv,1,1,Vehicle~2,2129.743000000204,0.4180170617345101,2.986544862415734
b5c011_hp349p694_vm0p101_combined.csv,1,1,Vehicle~2,2131.614000000204,0.37279320202076915,3.029533200436102
b5c012_hp14p700_vp1p086_combined.csv,1,1,Vehicle~2,2131.3580000002044,0.3980459696738224,3.0355153208003545
b5c013_hp141p172_vp0p854_combined.csv,1,1,Vehicle~2,2130.9470000002057,0.35840119469896575,3.0446135536617907
b5c014_hp190p148_vm1p949_combined.csv,1,1,Vehicle~2,2133.1120000002047,0.3191173508449737,3.1168487874390096
b5c015_hp468p756_vp8p881_combined.csv,1,1,Vehicle~2,2125.401000000204,0.5891525579705523,2.818311400376994
b5c016_hp86p233_vm5p063_combined.csv,1,1,Vehicle~2,2134.972000000205,0.33260326098455034,3.0963833695461136
b5c017_hp492p240_vp1p120_combined.csv,1,1,Vehicle~2,2130.0240000002022,0.375070022936043,2.980393895142818
b5c018_hp343p939_vp1p764_combined.csv,1,1,Vehicle~2,2130.933000000204,0.3760205435523533,3.042096641058406
b5c019_hp61p117_vp1p056_combined.csv,1,1,Vehicle~2,2131.2680000002047,0.39689066999996664,3.035642330782492
b5c020_hp21p581_vm9p979_combined.csv,1,1,Vehicle~2,2139.721000000203,0.23332860941001582,3.3080813320952167
b5c021_hp9p864_vp0p067_combined.csv,1,1,Vehicle~2,2132.1330000002054,0.3777649815256761,3.048165960952733
b5c022_hp44p606_vm9p298_combined.csv,1,1,Vehicle~2,2138.0630000002034,0.2630592674642066,3.211023034423615
b5c023_hp48p334_vp0p483_combined.csv,1,1,Vehicle~2,2131.6420000002045,0.3711325183321711,3.031132258993272
b5c024_hp316p252_vm5p690_combined.csv,1,1,Vehicle~2,2134.7410000002023,0.3059582940464032,3.0878024476745143
b5c025_hp457p541_vm6p362_combined.csv,1,1,Vehicle~2,2136.094000000205,0.26258941117339907,3.183986662442328
b5c026_hp216p564_vp2p798_combined.csv,1,1,Vehicle~2,2130.3230000002027,0.3638762605492178,3.0391130324874616
b5c027_hp312p051_vm5p900_combined.csv,1,1,Vehicle~2,2135.899000000204,0.2573127880718744,3.1961613245433895
b5c028_hp98p422_vm4p869_combined.csv,1,1,Vehicle~2,2135.387000000203,0.2822222579567642,3.1461844674641655
b5c029_hp283p266_vp6p772_combined.csv,1,1,Vehicle~2,2127.2390000002024,0.5065257912831694,2.910365017353862
b5c030_hp86p638_vm0p242_combined.csv,1,1,Vehicle~2,2133.442000000205,0.3605956296403521,3.1346939249358523
b5c031_hp110p319_vp5p597_combined.csv,1,1,Vehicle~2,2128.364000000203,0.4435127111681475,2.9655415437699295
b5c032_hp197p674_vm6p911_combined.csv,1,1,Vehicle~2,2135.956000000202,0.2976728098563537,3.1300095765812608
b5c033_hp336p292_vp0p794_combined.csv,1,1,Vehicle~2,2130.512000000202,0.37282504766710006,2.9856304768131507
b5c034_hp332p074_vm5p639_combined.csv,1,1,Vehicle~2,2135.0300000002044,0.32863369732779996,3.1006345675160163
b5c035_hp132p429_vm3p567_combined.csv,1,1,Vehicle~2,2134.4360000002025,0.28650624519039153,3.1618280771375105
b5c036_hp421p940_vm4p196_combined.csv,1,1,Vehicle~2,2134.5950000002035,0.297982720659305,3.1446364139595087
b5c037_hp344p441_vp2p572_combined.csv,1,1,Vehicle~2,2129.267000000204,0.4312588474431559,2.921207878389501
b5c038_hp335p499_vm1p147_combined.csv,1,1,Vehicle~2,2132.3170000002046,0.34639551506265837,3.0888423035104124
b5c039_hp377p603_vm0p371_combined.csv,1,1,Vehicle~2,2131.8000000002044,0.36568825673897754,3.039371147196629
b5c040_hp129p630_vm0p019_combined.csv,1,1,Vehicle~2,2131.9740000002025,0.3540863097508595,3.0595564274547145
b5c041_hp343p214_vm7p616_combined.csv,1,1,Vehicle~2,2137.0240000002027,0.2446571994541104,3.2257890843398824
b5c042_hp365p116_vp0p190_combined.csv,1,1,Vehicle~2,2131.251000000203,0.35646397012078573,3.0509936640735
b5c043_hp452p043_vp0p481_combined.csv,1,1,Vehicle~2,2132.0520000002034,0.3793093352907036,3.07292062495998
b5c044_hp440p893_vm6p434_combined.csv,1,1,Vehicle~2,2136.1670000002023,0.272631074519277,3.1938146312295927
b5c045_hp67p020_vm0p134_combined.csv,1,1,Vehicle~2,2132.134000000204,0.36402808169033324,3.0676759476052573
b5c046_hp1p809_vm0p086_combined.csv,1,1,Vehicle~2,2132.340000000205,0.3756307772679215,3.0530374288615216
b5c047_hp52p723_vp6p654_combined.csv,1,1,Vehicle~2,2127.675000000206,0.4744282523035259,2.924225881552091
b5c048_hp380p801_vm0p950_combined.csv,1,1,Vehicle~2,2133.583000000204,0.35947560309749993,3.1371799459585974
b5c049_hp64p217_vp6p242_combined.csv,1,1,Vehicle~2,2127.9830000002025,0.4622256318543219,2.9415066163629335
b5c000_hp173p144_vm1p127_combined.csv,2,2,Vehicle~3,2128.7430000002028,0.384100734824645,3.059910203181675
b5c001_hp407p878_vp3p750_combined.csv,2,2,Vehicle~3,2124.3130000002034,0.46812088613196207,2.9240888099231266
b5c002_hp150p213_vm1p197_combined.csv,2,2,Vehicle~3,2127.478000000204,0.388924881713233,2.97852549777837
b5c003_hp281p755_vp6p735_combined.csv,2,2,Vehicle~3,2122.334000000206,0.6057906290394457,2.8197190145906745
b5c004_hp106p199_vp8p290_combined.csv,2,2,Vehicle~3,2122.1930000002035,0.605085531325949,2.8186944690872537
b5c005_hp157p702_vp5p565_combined.csv,2,2,Vehicle~3,2123.422000000204,0.5380677448293986,2.8661546980779375
b5c006_hp262p371_vm3p022_combined.csv,2,2,Vehicle~3,2130.0320000002034,0.33011184130068766,3.1262061481351813
b5c007_hp278p652_vm0p283_combined.csv,2,2,Vehicle~3,2127.9100000002018,0.3668123344606327,3.0596812592372573
b5c008_hp76p236_vm1p050_combined.csv,2,2,Vehicle~3,2127.463000000203,0.38915888355508793,2.97834505528272
b5c009_hp463p922_vp3p164_combined.csv,2,2,Vehicle~3,2124.832000000203,0.4705530110949107,2.930762097850858
b5c010_hp59p976_vp4p029_combined.csv,2,2,Vehicle~3,2124.771000000203,0.47169255282252887,2.9268310526162127
b5c011_hp349p694_vm0p101_combined.csv,2,2,Vehicle~3,2126.488000000203,0.4421540942904607,2.926848992623666
b5c012_hp14p700_vp1p086_combined.csv,2,2,Vehicle~3,2127.078000000201,0.39242298778103285,3.0404607690342607
b5c013_hp141p172_vp0p854_combined.csv,2,2,Vehicle~3,2126.007000000204,0.42763345077546144,2.9255125088166225
b5c014_hp190p148_vm1p949_combined.csv,2,2,Vehicle~3,2128.657000000205,0.3953597910147568,3.039726089371684
b5c015_hp468p756_vp8p881_combined.csv,2,2,Vehicle~3,2121.053000000204,0.6750750250605827,2.7734195708783815
b5c016_hp86p233_vm5p063_combined.csv,2,2,Vehicle~3,2130.963000000204,0.32729959532234204,3.1231649442218883
b5c017_hp492p240_vp1p120_combined.csv,2,2,Vehicle~3,2126.457000000203,0.41286131474414267,2.992613877294752
b5c018_hp343p939_vp1p764_combined.csv,2,2,Vehicle~3,2126.498000000204,0.47721174954916534,2.964389365120146
b5c019_hp61p117_vp1p056_combined.csv,2,2,Vehicle~3,2126.9180000002034,0.36292999556949385,3.0302839191008433
b5c020_hp21p581_vm9p979_combined.csv,2,2,Vehicle~3,2134.9430000002044,0.2525240402254783,3.253809947781584
b5c021_hp9p864_vp0p067_combined.csv,2,2,Vehicle~3,2126.948000000204,0.41999298577087707,2.965203190401982
b5c022_hp44p606_vm9p298_combined.csv,2,2,Vehicle~3,2132.993000000204,0.27200703615431204,3.1278772562642105
b5c023_hp48p334_vp0p483_combined.csv,2,2,Vehicle~3,2126.472000000204,0.44322688380520725,2.9253819936295824
b5c024_hp316p252_vm5p690_combined.csv,2,2,Vehicle~3,2131.062000000206,0.3222833304224809,3.1299323396530045
b5c025_hp457p541_vm6p362_combined.csv,2,2,Vehicle~3,2131.279000000204,0.29192800648140704,3.143694818137934
b5c026_hp216p564_vp2p798_combined.csv,2,2,Vehicle~3,2125.502000000203,0.4623079880015106,2.9616608483651734
b5c027_hp312p051_vm5p900_combined.csv,2,2,Vehicle~3,2131.326000000204,0.3174388109728938,3.143884954686652
b5c028_hp98p422_vm4p869_combined.csv,2,2,Vehicle~3,2130.7630000002023,0.32059200060670157,3.1155137826354364
b5c029_hp283p266_vp6p772_combined.csv,2,2,Vehicle~3,2122.3020000002034,0.6070521441324139,2.819018042391915
b5c030_hp86p638_vm0p242_combined.csv,2,2,Vehicle~3,2127.3000000002035,0.4045272845402432,2.993592343891229
b5c031_hp110p319_vp5p597_combined.csv,2,2,Vehicle~3,2123.462000000203,0.536353818537473,2.87020750597652
b5c032_hp197p674_vm6p911_combined.csv,2,2,Vehicle~3,2132.111000000204,0.28814706127870704,3.180321028924011
b5c033_hp336p292_vp0p794_combined.csv,2,2,Vehicle~3,2126.8190000002032,0.40620234756869433,3.0217469033494115
b5c034_hp332p074_vm5p639_combined.csv,2,2,Vehicle~3,2131.032000000204,0.32497782596894376,3.12595508316104
b5c035_hp132p429_vm3p567_combined.csv,2,2,Vehicle~3,2129.8100000002028,0.35248499635310576,3.0777796099966084
b5c036_hp421p940_vm4p196_combined.csv,2,2,Vehicle~3,2129.7410000002023,0.3285235732701871,3.0731343173926513
b5c037_hp344p441_vp2p572_combined.csv,2,2,Vehicle~3,2125.484000000204,0.46078031646465684,2.963883692877243
b5c038_hp335p499_vm1p147_combined.csv,2,2,Vehicle~3,2128.5350000002054,0.391984153433551,3.049098165999592
b5c039_hp377p603_vm0p371_combined.csv,2,2,Vehicle~3,2127.810000000202,0.36827885847136327,3.0577520990121747
b5c040_hp129p630_vm0p019_combined.csv,2,2,Vehicle~3,2126.8430000002027,0.42200362290270776,2.9629552440572295
b5c041_hp343p214_vm7p616_combined.csv,2,2,Vehicle~3,2132.4610000002035,0.29013526477202206,3.172305612296515
b5c042_hp365p116_vp0p190_combined.csv,2,2,Vehicle~3,2127.579000000205,0.42602442999233925,3.0059655064846957
b5c043_hp452p043_vp0p481_combined.csv,2,2,Vehicle~3,2126.8610000002045,0.398678799610316,3.030894635610145
b5c044_hp440p893_vm6p434_combined.csv,2,2,Vehicle~3,2131.701000000204,0.3198788274864907,3.144408419147277
b5c045_hp67p020_vm0p134_combined.csv,2,2,Vehicle~3,2127.065000000204,0.4156484745752585,2.971704299716585
b5c046_hp1p809_vm0p086_combined.csv,2,2,Vehicle~3,2127.221000000202,0.401143961660871,2.999834232746
b5c047_hp52p723_vp6p654_combined.csv,2,2,Vehicle~3,2122.4830000002025,0.5273206414078885,2.8465703359048335
b5c048_hp380p801_vm0p950_combined.csv,2,2,Vehicle~3,2127.4180000002043,0.4039935608136022,2.9979661833000093
b5c049_hp64p217_vp6p242_combined.csv,2,2,Vehicle~3,2124.165000000205,0.5229577680748775,2.941836483729989
